timestamp,METUSDB,PEGUSDB,JRTUSDB,GRIGUSDB,NEXOUSDB,ETHUSDB,ZRXUSDB,pBTCUSDB,MLNUSDB,LOOMUSDB,DAIUSDB,ENJUSDB,TBCUSDB,USDTUSDB,OMGUSDB,EMIT1USDB,FCOUSDB,BUSDUSDB,KNCUSDB,BATUSDB,sUSDUSDB,NMRUSDB,XIOUSDB,REPUSDB,MKRUSDB,TUSDUSDB,DZARUSDB,RLCUSDB,POWRUSDB,USDCUSDB,CEEKUSDB,Other
1576239700000,0.00,0.00,0.00,0.00,0.00,0.00,0.00,0.00,6.91,0.00,0.00,0.00,0.00,0.00,0.00,0.00,0.00,0.00,0.00,0.00,0.00,0.00,0.00,0.00,0.00,0.00,0.00,0.00,0.00,0.00,0.00,0.00
1576321528000,0.00,0.00,0.00,0.00,0.00,0.00,0.00,0.00,0.00,0.00,0.00,0.00,0.00,0.00,0.00,0.00,0.00,0.00,0.00,0.00,0.00,0.00,0.00,0.00,0.00,0.00,0.00,0.00,0.00,0.00,0.00,0.00
1576406301000,0.00,0.00,0.00,0.00,0.00,0.00,0.00,0.00,0.00,0.00,0.00,0.00,0.00,0.00,0.00,0.00,0.00,0.00,0.00,0.00,0.00,0.00,0.00,0.00,0.00,0.00,0.00,0.00,0.00,0.00,0.00,0.00
1576490294000,0.00,0.00,0.00,0.00,0.00,0.00,0.00,0.00,0.00,0.00,0.00,0.00,0.00,0.00,0.00,0.00,0.00,0.00,0.00,0.00,0.00,0.00,0.00,0.00,0.00,0.00,0.00,0.00,0.00,0.00,0.00,0.00
1576575615000,0.00,0.00,0.00,0.00,0.00,0.00,0.00,0.00,0.00,0.00,0.00,0.00,0.00,0.00,0.00,0.00,0.00,0.00,0.00,0.00,0.00,0.00,0.00,0.00,0.00,0.00,0.00,0.00,0.00,0.00,0.00,0.00
1576662474000,0.00,0.00,0.00,0.00,0.00,0.00,0.00,0.00,0.00,0.00,0.00,0.00,0.00,0.00,0.00,0.00,0.00,0.00,0.00,0.00,0.00,0.00,0.00,0.00,0.00,0.00,0.00,0.00,0.00,0.00,0.00,0.00
1576747583000,0.00,0.00,0.00,0.00,0.00,0.00,0.00,0.00,0.00,0.00,0.00,0.00,0.00,0.00,0.00,0.00,0.00,0.00,0.00,0.00,0.00,0.00,0.00,0.00,0.00,0.00,0.00,0.00,0.00,0.00,0.00,0.00
1576834546000,0.00,0.00,0.00,0.00,0.00,0.00,0.00,0.00,0.00,0.00,0.00,0.00,0.00,0.00,0.00,0.00,0.00,0.00,0.00,0.00,0.00,0.00,0.00,0.00,0.00,0.00,0.00,0.00,0.00,0.00,0.00,0.00
1576920016000,0.00,0.00,0.00,0.00,0.00,0.00,0.00,0.00,0.00,0.00,0.00,0.00,0.00,0.00,0.00,0.00,0.00,0.00,0.00,0.00,0.00,0.00,0.00,0.00,0.00,0.00,0.00,0.00,0.00,0.00,0.00,0.00
1577006250000,0.00,0.00,0.00,0.00,0.00,0.00,0.00,0.00,0.00,0.00,0.00,0.00,0.00,0.00,0.00,0.00,0.00,0.00,0.00,0.00,0.00,0.00,0.00,0.00,0.00,0.00,0.00,0.00,0.00,0.00,0.00,0.00
1577092313000,0.00,0.00,0.00,0.00,0.00,0.00,0.00,0.00,0.00,0.00,0.00,10.50,0.00,0.00,0.00,0.00,0.00,0.00,0.00,0.00,0.00,0.00,0.00,0.00,0.00,0.00,0.00,0.00,0.00,0.00,0.00,0.00
1577178688000,0.00,0.00,0.00,0.00,1.08,0.00,0.00,0.00,0.00,0.00,0.00,0.00,0.00,0.00,0.00,0.00,0.00,0.00,0.00,0.00,0.00,0.00,0.00,0.00,0.00,0.00,0.00,0.00,0.00,0.00,0.00,0.00
1577264678000,0.00,0.00,0.00,0.00,0.00,0.00,0.00,0.00,0.00,0.00,0.00,0.00,0.00,0.00,0.00,0.00,0.00,0.00,0.00,0.00,0.00,0.00,0.00,0.00,0.00,0.00,0.00,0.00,0.00,0.00,0.00,0.00
1577350680000,0.00,0.00,0.00,0.00,0.00,0.00,0.00,0.00,0.00,0.00,0.00,0.00,0.00,0.00,0.00,0.00,0.00,0.00,0.00,0.00,0.00,0.00,0.00,0.00,0.00,0.00,0.00,0.00,0.00,0.00,0.00,0.00
1577436691000,0.00,0.00,0.00,0.00,0.00,0.00,0.00,0.00,0.00,0.00,0.00,0.00,0.00,0.00,0.00,0.00,0.00,0.00,0.00,0.00,0.00,0.00,0.00,0.00,0.00,0.00,0.00,0.00,0.00,0.00,0.00,0.00
1577522505000,0.00,0.00,0.00,0.00,0.00,0.00,0.00,0.00,0.00,0.00,0.00,0.00,0.00,0.00,0.00,0.00,0.00,0.00,0.00,0.00,0.00,0.00,0.00,0.00,0.00,0.00,0.00,0.00,0.00,0.00,0.00,0.00
1577608077000,0.00,0.00,0.00,0.00,0.00,0.00,0.00,0.00,0.00,0.00,0.00,0.00,0.00,0.00,0.00,0.00,0.00,0.00,0.00,0.00,0.00,0.00,0.00,0.00,0.00,0.00,0.00,0.00,0.00,0.00,0.00,0.00
1577694534000,0.00,0.00,0.00,0.00,0.00,0.00,0.00,0.00,0.00,0.00,0.00,0.00,0.00,0.00,0.00,0.00,0.00,0.00,0.00,0.00,0.00,0.00,0.00,0.00,0.00,0.00,14.24,0.00,0.00,0.00,0.00,0.00
1577780675000,0.00,0.00,0.00,0.00,6.12,0.00,0.00,0.00,0.00,0.00,0.00,0.00,0.00,0.00,0.00,0.00,0.00,0.00,0.00,16.48,0.00,0.00,0.00,0.00,0.00,0.00,0.00,0.00,0.00,0.00,0.00,0.00
1577867606000,42.91,0.00,166.67,0.00,10.19,0.00,10.40,0.00,0.00,0.00,0.00,0.00,0.00,0.00,0.00,0.00,0.00,0.00,0.00,11.21,0.00,0.00,0.00,0.00,0.00,0.00,28.53,0.00,0.00,0.00,0.00,0.00
1577953849000,0.00,0.00,11.46,0.00,0.00,0.00,0.00,0.00,0.00,0.00,0.00,0.00,0.00,0.00,0.00,0.00,0.00,0.00,0.00,0.00,0.00,0.00,0.00,6.31,0.00,0.00,0.00,0.00,0.00,0.00,0.00,0.00
1578024307000,399.47,0.00,60.25,0.00,0.00,0.00,0.00,0.00,0.00,0.00,0.00,0.00,0.00,0.00,10.15,0.00,0.00,0.00,0.00,0.00,0.00,0.00,0.00,0.00,6.58,0.00,0.00,0.00,0.00,0.00,0.00,0.00
1578089567000,0.00,0.00,1003.58,0.00,6.65,0.00,0.00,0.00,0.00,0.00,0.00,0.00,0.00,0.00,0.00,0.00,0.00,0.00,0.00,0.00,0.00,0.00,0.00,0.00,0.00,0.00,96.26,0.00,0.00,0.00,0.00,0.00
1578155702000,0.00,0.00,171.70,0.00,0.00,0.00,0.00,0.00,0.00,4.98,0.00,0.00,0.00,0.00,0.00,0.00,0.00,0.00,0.00,0.00,0.00,0.00,0.00,0.00,0.00,0.00,79.78,0.00,0.00,0.00,0.00,0.00
1578222155000,0.00,0.00,26.25,0.00,0.00,0.00,0.00,0.00,0.00,0.00,0.00,0.00,0.00,0.00,0.63,0.00,0.00,0.00,0.00,0.00,0.00,0.00,0.00,1.98,0.00,0.00,78.00,0.00,0.00,0.00,0.00,0.91
1578289002000,139.67,0.00,1.66,0.00,9.37,0.00,0.00,0.00,0.00,0.00,0.00,0.00,0.00,0.00,10.05,0.00,0.00,0.00,0.00,0.00,0.00,0.00,0.00,0.00,0.00,0.00,161.51,0.00,0.00,0.00,0.00,0.00
1578353909000,140.06,0.00,6.55,0.00,0.00,0.00,6.99,0.00,0.00,0.00,0.00,0.00,0.00,0.00,3.89,0.00,0.00,0.00,16.76,0.00,0.00,0.00,0.00,0.00,7.03,0.00,305.99,0.00,0.00,0.00,0.00,0.00
1578419979000,4.30,0.00,16.32,0.00,0.00,0.00,0.00,0.00,0.00,0.00,0.00,0.00,5.50,0.00,7.05,0.00,0.00,0.00,0.00,0.00,0.00,0.00,0.00,0.00,0.00,0.00,99.97,0.00,0.00,0.00,0.00,0.00
1578486541000,0.00,0.00,0.00,0.00,0.00,0.00,0.00,0.00,0.00,0.00,0.00,0.00,0.00,0.00,0.00,0.00,0.00,0.00,0.00,0.00,0.00,0.00,0.00,2.84,0.00,0.00,23.84,0.00,0.00,0.00,0.00,0.00
1578552930000,0.00,0.00,0.00,0.00,0.00,0.00,13.97,0.00,0.00,0.00,0.00,0.00,0.00,0.00,0.00,0.00,0.00,0.00,0.00,0.00,595.06,0.00,0.00,0.24,0.00,0.00,0.00,0.00,0.00,0.00,0.00,0.00
1578619287000,0.00,0.00,18.17,0.00,0.00,0.00,0.00,0.00,0.00,3.74,167.91,9.46,0.00,0.00,0.00,0.00,0.00,0.00,15.21,0.00,14.62,0.00,0.00,0.00,0.00,1.79,14.48,0.00,0.00,0.00,0.00,0.00
1578685120000,3.50,0.00,116.31,0.00,2.23,0.00,0.00,0.00,0.00,3.71,638.53,0.00,0.00,0.00,0.00,0.00,0.00,0.00,0.00,0.00,192.89,0.00,0.00,0.00,0.00,0.00,290.24,0.00,0.00,0.00,0.00,0.00
1578750706000,142.66,0.00,73.53,0.00,4.30,0.00,0.05,0.00,0.00,0.00,854.13,0.00,0.00,0.00,0.00,0.00,0.00,0.00,0.00,0.00,255.15,0.00,0.00,0.14,4.11,0.00,285.74,0.00,0.00,0.00,0.00,0.00
1578817019000,0.00,0.00,108.58,0.00,5.36,0.00,0.00,0.00,0.00,5.01,391.54,0.00,0.00,0.00,0.00,0.00,0.00,0.00,5.26,4.71,733.51,0.00,0.00,0.00,0.00,0.00,163.52,0.00,0.00,0.00,0.00,0.00
1578883653000,0.00,0.00,147.31,0.00,0.00,0.00,0.00,0.00,0.00,0.00,749.09,0.00,0.00,0.00,0.00,0.00,0.00,0.00,0.00,0.00,277.63,0.00,0.00,1.13,0.00,0.00,14.16,0.00,0.00,0.00,0.00,0.00
1578949757000,14.53,0.00,348.33,0.00,6.12,0.00,0.00,0.00,0.00,0.00,225.12,0.00,0.00,0.00,0.00,0.00,0.00,0.00,0.00,0.00,21.71,0.00,0.00,0.00,0.00,0.66,0.00,0.00,0.00,6.11,0.00,0.00
1579016096000,376.17,0.00,91.90,0.00,2.14,0.00,0.00,0.00,0.00,0.00,819.71,0.00,0.00,8.24,0.00,0.00,0.00,0.00,0.00,0.00,435.83,0.00,0.00,0.00,0.00,0.49,0.00,0.00,0.00,0.00,0.00,0.00
1579081954000,1385.66,0.00,3747.88,0.00,0.00,0.00,9.39,0.00,0.00,9.11,2146.39,0.00,0.00,1.63,6.91,0.00,0.00,0.00,0.00,5.47,1065.22,0.00,0.00,9.13,0.00,0.00,0.00,0.00,0.00,19.99,0.00,0.00
1579148383000,391.57,0.00,1092.81,0.00,5.32,0.00,9.84,0.00,0.00,0.00,1271.66,0.00,0.00,3.02,5.49,0.00,0.00,0.00,12.69,4.69,162.06,0.00,0.00,40.84,0.00,0.00,0.87,0.00,0.00,0.76,0.00,0.00
1579214922000,91.11,0.00,299.76,0.00,5.34,0.00,0.00,0.00,0.00,4.33,2021.13,4.95,0.00,1.50,0.00,0.00,0.00,0.00,0.00,4.58,546.78,0.00,0.00,21.49,0.00,0.00,0.00,0.00,0.00,0.00,0.00,0.00
1579280624000,92.72,0.00,828.10,0.00,7.37,0.00,0.00,0.00,0.00,5.42,1024.96,0.00,0.00,0.00,0.00,0.00,0.00,0.00,0.00,0.00,528.45,0.00,0.00,4.69,0.00,0.99,0.02,0.00,0.00,0.00,0.00,0.00
1579347347000,17.23,0.00,617.70,0.00,0.00,0.00,0.00,0.00,0.00,0.00,526.04,0.00,0.00,0.00,6.14,0.00,0.00,0.00,6.02,0.00,146.31,0.00,0.00,4.65,0.00,0.07,0.00,0.00,0.00,1.33,0.00,0.00
1579413511000,0.00,0.00,621.32,0.00,0.00,0.00,0.00,0.00,0.00,4.34,102.99,0.00,0.00,0.00,0.00,0.00,0.00,0.00,0.00,0.00,56.14,0.00,0.00,0.00,0.00,0.00,0.00,0.00,0.00,0.00,0.00,0.00
1579478830000,224.53,0.00,1344.52,0.00,0.00,0.00,0.00,0.00,0.00,0.00,1121.01,5.15,0.00,0.29,0.00,0.00,0.00,0.00,5.22,0.00,177.76,0.00,0.00,4.55,0.00,0.00,0.00,0.00,0.00,0.00,0.00,0.00
1579545025000,27.59,0.00,814.53,0.00,0.00,0.00,0.00,0.00,0.00,0.81,590.09,0.00,0.00,3.31,6.40,0.00,0.00,0.79,0.00,0.00,239.12,0.00,0.00,0.00,0.00,0.00,0.00,0.00,0.00,1.18,0.00,0.00
1579611805000,0.00,0.00,877.15,0.00,7.70,0.00,0.00,0.00,0.00,4.74,42.16,0.00,0.00,1.27,0.00,0.00,0.00,0.00,0.00,0.00,184.79,0.00,0.00,0.00,0.00,0.00,0.03,0.00,0.00,1.26,0.00,0.00
1579677809000,0.00,0.00,1139.16,0.00,5.02,0.00,0.00,0.00,0.00,0.00,129.96,0.00,0.00,0.00,0.00,0.00,0.00,0.00,0.00,0.00,253.89,0.00,0.00,0.00,0.00,0.00,0.00,0.00,0.00,0.00,0.00,0.00
1579743734000,0.00,0.00,205.08,0.00,0.00,0.00,0.00,0.00,0.00,0.00,95.79,0.00,2.13,0.00,0.00,0.00,0.00,0.00,0.00,0.00,230.08,0.00,0.00,2.23,0.00,0.00,0.00,0.00,0.00,0.00,0.00,0.00
1579809487000,0.00,0.00,135.18,0.00,0.00,0.00,0.00,0.00,0.00,0.00,93.08,0.00,0.00,0.00,0.00,0.00,0.00,0.00,0.00,0.00,86.78,0.00,0.00,0.00,0.00,0.00,0.00,0.00,0.00,0.74,0.00,0.00
1579875656000,0.00,0.00,850.23,0.00,0.00,0.00,0.00,0.00,0.00,0.00,252.44,0.00,2.52,3.18,0.00,0.00,0.00,0.00,0.00,0.00,91.03,4.97,0.00,0.00,0.00,0.00,0.00,0.00,0.00,0.00,0.00,0.00
1579942470000,0.00,0.00,1034.31,0.00,0.00,0.00,0.91,0.00,0.00,0.00,176.77,0.00,0.00,0.00,0.00,0.00,0.00,0.00,0.00,0.00,198.19,0.00,0.00,4.36,0.00,0.00,0.00,0.00,0.00,0.87,0.00,0.00
1580008905000,0.00,0.00,85.62,0.00,0.00,0.00,2.06,0.00,2.59,0.00,45.46,0.00,0.00,0.38,0.00,0.00,0.00,0.00,0.00,0.00,233.47,0.00,0.00,1.54,0.00,0.76,0.00,0.00,0.00,0.00,0.00,0.00
1580075378000,0.00,0.00,212.01,0.00,0.00,0.00,0.00,0.00,3.08,0.00,64.36,0.00,0.00,0.00,0.00,0.00,0.00,0.00,0.00,0.00,0.00,0.00,0.00,0.00,0.00,0.00,0.00,0.00,0.00,0.00,0.00,0.00
1580140949000,64.64,0.00,64.10,0.00,8.35,0.00,0.00,0.00,0.00,0.00,927.01,0.00,94.91,1.97,0.00,0.00,0.00,0.00,0.00,0.00,306.04,18.65,0.00,0.00,0.00,0.00,0.00,0.00,0.00,0.00,0.00,0.00
1580207544000,105.01,0.00,237.18,0.00,19.44,0.00,0.00,0.00,0.00,0.00,1173.73,0.00,19.56,1.38,0.00,0.00,0.00,0.00,0.00,0.00,366.46,0.00,0.00,0.18,0.00,0.00,0.00,0.00,0.00,3.91,0.00,0.00
1580274029000,65.14,0.00,1861.55,0.00,12.15,0.00,0.00,0.00,0.00,0.00,48.99,0.00,2.91,3.45,4.06,0.00,0.00,0.00,9.27,0.00,69.57,9.31,0.00,0.00,0.00,0.40,0.00,0.00,0.00,0.25,0.00,0.00
1580339534000,108.56,0.00,104.46,0.00,0.00,0.00,0.00,0.00,0.00,0.00,76.64,0.00,17.66,0.00,0.00,0.00,0.00,0.00,0.00,0.00,1125.65,4.48,0.00,0.00,0.00,0.00,0.00,21.59,0.00,1.26,0.00,0.00
1580406992000,352.69,0.00,1641.81,0.00,8.86,0.00,0.00,0.00,0.00,0.00,640.91,34.83,0.00,1.77,0.00,0.00,0.00,0.00,0.00,0.00,1270.38,0.00,0.00,0.00,0.00,0.00,0.00,7.06,0.00,1.84,0.00,0.00
1580473564000,418.78,0.00,2401.21,0.00,0.00,0.00,0.00,0.00,0.00,0.00,263.50,0.00,0.00,0.67,5.46,0.00,0.00,0.00,0.00,0.00,234.06,0.00,0.00,0.00,0.00,0.00,0.00,0.00,0.00,0.00,0.00,0.00
1580539420000,219.82,0.00,468.45,0.00,1.16,0.00,0.00,0.00,0.00,0.00,463.43,0.00,2.22,1.14,0.00,0.00,0.00,0.00,0.00,0.00,13.15,0.00,0.00,0.00,0.00,0.00,0.00,4.97,0.00,1.05,0.00,0.00
1580606033000,210.97,0.00,733.46,0.00,0.00,0.00,0.00,0.00,0.00,0.00,555.13,0.00,0.00,0.00,0.00,0.00,0.00,0.00,0.00,0.00,325.12,0.00,0.00,0.00,0.00,0.00,0.00,0.00,0.00,0.87,0.00,0.00
1580671738000,140.49,0.00,969.21,0.00,1.38,0.00,0.00,0.00,0.00,0.00,309.50,6.59,5.53,5.88,6.40,0.00,0.00,0.00,0.00,0.00,151.82,0.00,0.00,0.00,0.00,0.00,0.00,4.96,0.00,1.38,0.00,0.00
1580738515000,0.00,0.00,134.92,0.00,0.00,0.00,0.00,0.00,0.00,0.00,332.15,0.00,0.00,2.13,0.00,0.00,0.00,0.00,0.00,0.00,154.38,0.00,0.00,0.00,0.00,0.30,0.00,7.06,0.00,1.41,0.00,0.00
1580804634000,0.00,0.00,743.01,0.00,0.00,0.00,0.00,0.00,0.00,0.00,172.50,15.12,0.00,0.56,0.00,0.00,0.00,0.00,0.00,0.00,168.84,0.00,0.00,0.00,0.00,0.00,0.00,0.00,0.00,56.93,0.00,0.00
1580870473000,0.00,0.00,841.00,0.00,0.00,0.00,0.00,0.00,0.00,0.00,193.01,9.84,0.00,0.00,0.00,0.00,0.00,0.00,35.96,0.00,347.24,0.00,0.00,2.70,0.00,13.67,0.00,0.00,0.00,156.12,0.00,0.00
1580937544000,253.67,0.00,923.66,0.00,0.00,0.00,0.00,0.00,0.00,0.00,89.82,8.16,0.00,2.05,0.00,0.00,0.00,0.00,0.00,0.00,434.36,0.00,0.00,0.00,0.00,0.00,0.39,0.00,0.00,0.00,0.00,0.00
1581003923000,399.78,0.00,460.25,0.00,5.72,0.00,1.93,0.00,0.00,0.00,539.17,0.00,0.00,0.00,0.00,0.00,0.00,0.00,0.00,0.00,444.71,0.00,0.00,0.00,0.00,0.00,0.00,0.00,0.00,3.91,0.00,0.00
1581070815000,229.61,0.00,346.81,0.00,4.26,0.00,8.38,0.00,0.00,0.00,123.64,0.00,0.00,0.91,14.71,0.00,0.00,0.00,0.00,0.00,159.41,0.00,0.00,0.00,0.00,0.81,0.00,0.00,0.00,0.29,0.00,0.00
1581136942000,0.00,0.00,230.82,0.00,0.00,0.00,4.37,0.00,0.00,0.00,261.84,0.00,5.45,0.02,0.00,0.00,0.00,0.00,0.00,0.00,500.52,2.37,0.00,0.00,0.00,0.00,0.00,0.00,0.00,0.35,0.00,0.00
1581203771000,122.36,0.00,250.77,0.00,1.11,0.00,0.00,0.00,0.00,0.00,409.64,0.00,0.00,0.50,0.00,0.00,0.00,0.00,0.00,0.00,61.87,6.13,0.00,0.00,0.00,0.00,0.00,0.00,0.00,0.50,0.00,0.00
1581270103000,121.28,0.00,459.68,0.00,0.00,0.00,8.35,0.00,0.00,13.79,349.33,0.00,0.00,0.20,0.00,0.00,0.00,0.00,0.00,0.00,136.86,0.00,0.00,0.00,0.00,0.00,0.00,0.00,0.00,0.20,0.00,0.00
1581335929000,93.54,0.00,305.79,0.00,18.33,0.00,0.00,0.00,0.00,5.32,230.24,0.00,0.00,0.00,0.00,0.00,0.00,0.00,0.00,41.94,739.34,0.00,0.00,0.00,0.00,0.00,0.00,0.00,0.00,15.10,0.00,0.00
1581401893000,0.00,0.00,22.37,0.00,0.00,0.00,0.00,0.00,0.00,0.00,201.62,0.00,22.01,0.00,0.00,0.00,0.00,0.00,0.00,0.00,315.65,0.00,0.00,0.00,0.00,0.92,0.00,0.00,0.00,3.81,0.00,0.00
1581467757000,344.46,0.00,796.30,0.00,0.00,0.00,0.00,0.00,0.00,6.39,327.32,0.00,0.00,0.00,0.00,0.00,0.00,0.00,0.00,0.00,183.11,0.00,0.00,0.00,0.00,0.00,0.00,0.00,0.00,0.59,0.00,0.00
1581534775000,641.18,0.00,1081.78,0.00,12.33,0.00,0.00,0.00,0.00,159.00,206.93,0.00,5.67,0.00,9.30,0.00,0.00,0.00,8.44,11.12,664.65,0.00,0.00,0.00,0.00,0.00,0.00,0.00,0.00,1.18,0.00,0.00
1581601371000,424.91,0.00,657.21,0.00,0.00,0.00,0.00,0.00,0.00,7.28,1006.76,0.00,0.00,6.59,0.00,0.00,0.00,0.00,0.00,0.00,42.99,0.00,0.00,0.00,0.00,0.00,0.00,0.00,0.00,0.00,0.00,0.00
1581667889000,139.64,0.00,644.96,0.00,0.00,0.00,17.08,0.00,0.00,0.00,304.43,0.00,0.00,6.70,0.00,0.00,0.00,0.00,11.91,0.00,0.00,0.00,0.00,0.00,0.00,0.00,0.00,0.00,0.00,0.00,0.00,0.00
1581735090000,907.04,0.00,437.22,0.00,0.00,0.00,4.14,0.00,0.00,0.00,322.92,0.00,0.00,0.00,11.47,0.00,0.00,0.00,0.00,0.00,4231.02,0.00,0.00,0.00,0.00,0.00,0.00,0.00,0.00,0.00,0.00,0.00
1581801012000,267.06,0.00,308.25,0.00,0.00,0.00,0.45,0.00,0.00,18.31,373.35,0.00,31.03,0.00,0.00,0.00,0.00,0.00,18.60,0.00,132.90,0.00,0.00,0.00,0.00,0.00,0.00,0.00,0.00,10.99,0.00,0.00
1581867297000,123.39,0.00,124.86,0.00,0.00,0.00,0.07,0.00,0.00,17.25,130.00,0.00,0.00,1.02,12.33,0.00,0.00,0.00,0.00,9.42,486.84,0.00,0.00,0.00,0.00,0.00,0.00,0.00,0.00,0.00,0.00,0.00
1581934143000,906.59,0.00,14701.13,0.00,0.00,0.00,11.15,0.00,0.00,6.30,1367.31,0.00,4.25,0.16,9.17,0.00,0.00,0.00,7.13,6.42,471.46,0.00,0.00,0.00,0.00,0.00,0.00,0.00,0.00,1.03,0.00,0.00
1582000509000,1863.83,0.00,1194.18,0.00,0.00,0.00,73.68,0.00,0.00,0.00,1825.87,0.00,0.00,0.00,0.00,0.00,0.00,0.00,17.45,0.00,7878.61,0.00,0.00,0.00,0.00,0.00,0.00,0.00,0.00,0.89,0.00,0.00
1582067542000,1502.93,0.00,7967.10,0.00,0.00,0.00,0.00,0.00,0.00,0.00,1222.04,0.00,0.00,0.00,11.72,0.00,0.00,0.00,18.33,12.54,911.71,0.00,0.00,0.00,0.00,0.00,0.00,0.00,0.00,3.66,0.00,0.00
1582133190000,0.00,0.00,57.91,0.00,0.00,0.00,0.00,0.00,0.00,5.89,61.85,0.00,0.00,0.00,0.00,0.00,0.00,0.00,0.00,0.00,619.87,0.00,0.00,0.00,0.00,0.00,0.00,0.00,0.00,17.40,0.00,0.00
1582200448000,517.37,0.00,341.42,0.00,8.20,0.00,0.00,0.00,0.00,6.95,1427.46,0.00,0.00,0.00,9.12,0.00,0.00,0.00,26.70,8.09,400.79,0.00,0.00,0.00,0.00,0.00,0.00,0.00,0.00,1.61,0.00,0.00
1582266380000,66.41,0.00,683.15,0.00,0.00,0.00,0.00,0.00,0.00,107.95,2844.39,0.00,0.00,0.00,7.88,0.00,0.00,0.00,7.20,0.00,1810.50,0.00,0.00,0.00,0.00,0.00,0.00,0.00,0.00,0.57,0.00,0.00
1582333413000,156.43,0.00,165.84,0.00,0.00,0.00,0.00,0.00,0.00,81.36,1113.88,0.00,0.00,0.00,0.00,0.00,0.00,0.00,7.99,0.00,268.47,0.00,0.00,0.00,0.00,0.00,0.00,0.00,0.00,0.00,0.00,0.00
1582399143000,94.71,0.00,97.31,0.00,0.00,0.00,0.00,0.00,0.00,43.65,373.71,0.00,0.00,0.00,0.00,0.00,0.00,0.00,7.18,0.00,45.15,0.00,0.00,0.00,0.00,0.00,0.00,0.00,0.00,0.00,0.00,0.00
1582465707000,391.86,0.00,175.19,0.00,0.00,0.00,0.00,0.00,0.00,0.00,530.00,0.00,0.00,618.46,0.00,0.00,0.00,0.00,7.39,0.00,100.15,0.00,0.00,0.00,0.00,0.00,0.00,0.00,0.00,0.00,0.00,0.00
1582531881000,142.71,0.00,208.76,0.00,0.00,0.00,0.00,0.00,0.00,0.00,224.61,0.00,0.00,0.00,0.00,0.00,0.00,0.00,0.00,0.00,771.72,0.00,0.00,0.00,0.00,0.00,0.00,0.00,0.00,0.00,0.00,0.00
1582598476000,114.18,0.00,263.13,0.00,0.00,0.00,0.00,0.00,0.00,0.00,67.34,0.00,0.00,69.67,0.00,0.00,0.00,0.00,0.00,0.00,115.28,0.00,0.00,0.00,0.00,0.00,0.00,0.00,0.00,0.00,0.00,0.00
1582665672000,413.17,0.00,237.79,0.00,26.30,0.00,19.38,0.00,0.00,0.00,91.38,0.00,0.00,0.00,0.00,0.00,0.00,0.00,0.00,0.00,383.12,0.00,0.00,0.00,0.00,0.00,0.00,0.00,0.00,0.00,0.00,0.00
1582731413000,346.76,0.00,758.11,0.00,11.74,0.00,0.00,0.00,0.00,0.00,826.55,0.00,0.00,1.00,0.00,0.00,0.00,0.00,0.00,0.00,445.69,0.00,0.00,0.00,0.00,0.00,0.00,0.00,0.00,9.31,0.00,0.00
1582796992000,541.94,0.00,911.46,0.00,7.09,0.00,12.37,0.00,3.87,17.04,1201.86,0.00,0.00,0.00,0.00,0.00,0.00,0.00,0.00,0.00,156.39,0.00,0.00,0.00,0.00,4.50,0.00,0.00,0.00,0.00,0.00,0.00
1582864648000,177.85,0.00,65.78,0.00,0.00,0.00,0.00,0.00,0.00,38.50,120.32,0.00,0.00,0.00,0.00,0.00,0.00,0.00,0.00,0.00,182.42,0.00,0.00,0.00,0.00,0.00,0.00,0.00,0.00,0.00,0.00,0.00
1582931070000,230.49,0.00,190.18,0.00,0.00,0.00,0.00,0.00,0.00,10.86,850.86,0.00,0.00,3.70,0.00,0.00,0.00,0.00,0.00,0.00,70.63,0.00,0.00,0.00,0.00,0.01,0.00,0.00,0.00,0.00,0.00,0.00
1582996859000,214.52,0.00,322.48,0.00,0.00,0.00,0.00,0.00,0.00,11.89,1139.37,0.00,0.00,69.19,0.00,0.00,0.00,0.00,0.00,0.00,0.00,0.00,0.00,0.00,0.00,18.19,0.00,0.00,0.00,0.00,0.00,0.00
1583063511000,273.81,0.00,58.56,0.00,0.00,0.00,0.00,0.00,0.00,0.00,449.92,0.00,0.00,0.00,0.00,0.00,0.00,0.00,38.92,0.00,0.00,0.00,0.00,0.00,0.00,0.00,0.00,0.00,0.00,3.79,0.00,0.00
1583130367000,432.92,0.00,336.82,0.00,0.00,0.00,0.00,0.00,0.00,4.98,548.10,0.00,0.00,20.73,18.29,0.00,0.00,0.00,27.41,0.00,56.58,0.00,0.00,0.00,0.00,0.00,0.00,0.00,0.00,16.58,0.00,0.00
1583195979000,377.72,0.00,170.08,0.00,7.12,0.00,0.00,0.00,0.00,5.95,287.43,0.00,0.00,0.55,0.00,0.00,0.00,0.00,9.91,0.00,202.13,0.00,0.00,0.00,0.00,0.00,0.00,0.00,0.00,1.06,0.00,0.00
1583262508000,101.43,0.00,246.29,0.00,0.00,0.00,0.00,0.00,0.00,14.29,110.05,0.00,0.00,0.00,0.00,0.00,0.00,0.00,7.08,0.00,0.00,0.00,0.00,0.00,0.00,0.00,0.00,0.00,0.00,29.24,0.00,0.00
1583329065000,0.00,0.00,0.00,0.00,0.03,0.00,0.00,0.00,0.00,93.68,94.80,0.00,0.00,0.00,0.00,0.00,0.00,0.00,0.00,0.00,0.00,0.00,0.00,0.00,0.00,0.00,0.00,0.00,0.00,0.00,0.00,0.00
1583394859000,90.85,0.00,162.35,0.00,8.94,0.00,9.08,0.00,0.00,246.90,82.88,0.00,0.00,0.02,0.00,0.00,0.00,0.00,6.86,0.00,394.72,0.00,0.00,0.00,0.00,0.00,0.00,0.00,0.00,0.00,0.00,0.00
1583462921000,84.24,0.00,214.80,0.00,0.00,0.00,8.96,0.00,0.00,17.94,174.81,0.00,0.00,16.32,0.00,0.00,0.00,0.00,0.00,0.00,186.59,0.00,0.00,0.00,0.00,0.00,0.00,0.00,0.00,0.40,0.00,0.00
1583528507000,569.45,0.00,246.87,0.00,0.00,0.00,0.00,0.00,0.00,0.00,484.86,0.00,0.00,1.63,0.00,0.00,0.00,0.00,0.00,0.00,517.19,0.00,0.00,0.00,0.00,0.00,0.00,0.00,0.00,0.00,0.00,0.00
1583594053000,81.19,0.00,108.13,0.00,0.00,0.00,0.00,0.00,0.00,0.00,100.98,0.00,0.00,5.87,0.00,0.00,0.00,0.00,0.00,0.00,5.85,0.00,0.00,0.00,0.00,0.00,0.00,0.00,0.00,0.00,0.00,0.00
1583659784000,758.82,0.00,474.51,0.00,0.00,0.00,0.00,0.00,0.00,18.14,405.07,0.00,0.00,6.58,0.00,0.00,0.00,0.00,0.00,0.00,0.00,0.00,0.00,0.00,0.00,0.00,0.00,0.00,0.00,0.00,0.00,0.00
1583726492000,931.82,0.00,1824.78,0.00,0.00,0.00,13.34,0.00,0.00,24.03,1552.80,0.00,0.00,0.94,0.00,0.00,0.00,0.00,0.00,0.00,512.87,0.00,0.00,0.00,0.00,0.94,0.00,0.00,0.00,0.00,0.00,0.00
1583793746000,460.52,0.00,661.38,0.00,0.00,0.00,10.92,0.00,0.00,0.00,863.37,0.00,0.00,2.71,0.00,0.00,0.00,0.00,0.00,0.00,330.56,0.00,0.00,0.00,0.00,0.00,0.39,0.00,0.00,1.27,0.00,0.00
1583860490000,188.17,0.00,148.76,0.00,0.00,0.00,0.00,0.00,0.00,0.00,688.58,0.00,0.00,2.28,0.00,0.00,0.00,0.00,0.00,0.00,389.01,0.00,0.00,0.00,0.00,0.00,0.00,0.00,0.00,0.00,0.00,0.00
1583926841000,0.00,0.00,510.84,0.00,0.00,0.00,6.85,0.00,0.00,0.00,377.96,0.00,0.00,0.00,0.00,0.00,0.00,0.00,0.00,0.00,165.51,0.00,0.00,0.00,0.00,0.00,0.00,0.00,0.00,0.00,0.00,0.00
1583992327000,476.23,0.00,354.77,0.00,0.00,0.00,0.00,0.00,0.00,0.00,2914.65,0.00,0.00,0.00,0.00,0.00,0.00,0.00,0.00,26.20,565.05,0.00,0.00,0.00,0.00,0.00,0.00,0.00,0.00,0.00,0.00,0.00
1584059716000,1700.90,0.00,1039.98,0.00,39.27,0.00,37.02,0.00,0.00,32.94,4431.66,0.00,0.00,0.76,0.00,0.00,0.00,0.00,0.00,19.87,1408.36,0.00,0.00,0.00,0.00,0.00,0.00,0.00,0.00,26.31,0.00,0.00
1584128101000,1018.17,0.00,703.64,0.00,25.04,0.00,0.00,0.00,0.00,0.00,982.84,2.73,14.57,5.20,0.00,0.00,0.00,0.00,0.00,0.00,0.00,0.00,0.00,0.00,0.00,0.00,0.00,0.00,0.00,5.97,0.00,0.00
1584194907000,212.83,0.00,348.26,0.00,9.38,0.00,0.00,0.00,10.92,13.41,673.17,1.92,0.00,0.00,0.00,0.00,0.00,0.00,0.00,0.00,0.00,0.00,0.00,0.00,0.00,0.50,0.00,0.00,0.00,6.28,0.00,0.00
1584261335000,136.17,0.00,100.85,0.00,0.00,0.00,0.00,0.00,0.00,13.15,211.63,0.00,0.00,311.88,0.00,0.00,0.00,0.00,0.00,0.00,0.88,0.00,0.00,0.00,0.00,0.00,0.00,0.00,0.00,4.63,0.00,0.00
1584326930000,220.01,0.00,201.22,0.00,8.74,0.00,0.00,0.00,0.00,4.65,85.87,0.00,0.00,87.69,0.00,0.00,0.00,0.00,0.00,0.00,0.00,0.00,0.00,0.00,0.00,0.00,0.00,0.00,0.00,3.98,0.00,0.00
1584393985000,561.00,0.00,2623.90,0.00,0.00,0.00,18.68,0.00,0.00,9.22,296.42,0.00,3.23,13.77,0.00,0.00,0.00,0.00,0.00,8.30,0.00,0.00,0.00,0.00,0.00,5.98,0.00,0.00,0.00,9.54,0.00,0.00
1584460520000,0.90,0.00,299.98,0.00,0.00,0.00,0.00,0.00,0.00,0.00,323.83,0.00,0.00,9.89,3.22,0.00,0.00,0.00,0.00,0.00,0.00,0.00,0.00,0.00,0.00,4.52,0.00,0.00,0.00,9.33,0.00,0.00
1584526384000,0.00,0.00,1372.24,0.00,6.35,0.00,0.00,0.00,0.00,0.00,126.67,0.00,0.00,0.00,0.00,0.00,0.00,0.19,0.00,0.00,0.00,0.00,0.00,0.00,0.00,0.00,0.00,0.00,0.00,6.50,0.00,0.00
1584592505000,0.00,0.00,0.00,0.00,0.00,0.00,0.00,0.00,0.00,0.00,33.91,0.00,0.00,2.22,0.00,0.00,0.00,0.00,0.00,0.00,0.00,0.00,0.00,0.00,0.00,0.00,0.00,0.00,0.00,2.29,0.00,0.00
1584659781000,349.18,0.00,94476.80,0.00,5.45,0.00,0.00,0.00,0.00,0.00,153.38,0.00,0.00,7.17,0.00,0.00,0.00,0.00,0.00,0.00,0.00,0.00,0.00,0.00,0.00,80.26,0.00,0.00,0.00,460.74,0.00,0.00
1584726816000,816.08,0.00,1139.23,0.00,21.74,0.00,13.03,0.00,0.00,32.06,413.37,1.50,4.40,0.51,0.00,0.00,0.00,0.00,0.00,0.00,0.00,0.00,0.00,0.00,0.00,7.43,0.00,0.00,0.00,9.99,0.00,0.00
1584793665000,212.94,0.00,0.00,0.00,8.23,0.00,0.00,0.00,0.00,0.00,88.24,0.00,0.00,8.07,0.00,0.00,0.00,0.00,0.00,0.00,0.00,0.00,0.00,0.00,0.00,0.00,0.00,0.00,0.00,11.40,0.00,0.00
1584861635000,0.00,0.00,5.11,0.00,0.00,0.00,0.00,0.00,0.00,0.00,16.24,0.00,0.00,0.00,0.00,0.00,0.00,0.00,0.00,0.00,1.05,0.00,0.00,0.00,0.00,0.00,0.00,0.00,0.00,1.35,0.00,0.00
1584929664000,56.96,0.00,101.83,0.00,0.00,0.00,6.80,0.00,0.00,0.00,20.34,0.00,0.00,0.00,0.00,0.00,0.00,0.00,0.00,0.00,0.00,0.00,0.00,0.00,0.00,0.00,0.00,0.00,0.00,1.16,0.00,0.00
1584996865000,27.92,0.00,21.95,0.00,0.00,0.00,0.00,0.00,0.00,4.94,27.69,0.00,0.00,0.00,0.00,0.00,0.00,0.00,0.00,0.00,0.00,0.00,0.00,0.00,0.00,0.00,0.00,0.00,0.00,3.64,0.00,0.00
1585064380000,55.94,0.00,4.85,0.00,32.21,0.00,0.00,0.00,0.00,0.00,59.48,0.00,0.00,0.00,0.00,0.00,0.00,0.00,0.00,0.00,0.00,0.00,0.00,0.00,0.00,0.00,0.00,0.00,0.00,0.89,0.00,0.00
1585132903000,39.49,0.00,996.55,0.00,10.17,0.00,0.00,0.00,0.00,0.00,153.60,0.00,0.00,5.61,0.00,0.00,0.00,0.00,0.00,0.00,0.00,0.00,0.00,0.00,0.00,0.00,0.00,0.00,0.00,0.00,0.00,0.00
1585199953000,46.78,0.00,58.59,139.26,0.00,0.00,0.00,0.00,0.00,5.10,85.77,0.00,0.00,1.02,0.00,0.00,0.00,0.00,0.00,0.00,0.00,0.00,0.00,0.00,0.00,0.00,0.00,0.00,0.00,0.00,0.00,0.00
1585266505000,157.45,0.00,118.50,300.52,0.00,0.00,0.00,0.00,0.00,0.00,243.86,0.00,0.00,4.60,0.00,0.00,0.00,0.00,0.00,0.00,0.00,0.00,0.00,0.00,0.00,0.00,0.00,0.00,0.00,68.84,0.00,0.00
1585332447000,0.00,0.00,17.16,36.00,0.00,0.00,0.00,0.00,0.00,0.00,24.89,0.00,0.00,2.71,0.00,0.00,0.00,0.00,0.00,0.00,0.00,0.00,0.00,0.00,0.00,0.00,0.00,0.00,0.00,47.18,0.00,0.00
1585399064000,0.00,0.00,0.00,26.30,15.53,0.00,0.00,0.00,0.00,0.00,127.83,0.00,0.00,0.00,0.00,0.00,0.00,0.50,0.00,0.00,0.00,0.13,0.00,0.00,0.00,0.00,0.00,0.00,0.00,0.00,0.00,0.00
1585464881000,0.00,0.00,0.00,149.55,0.00,0.00,0.00,0.00,0.00,0.00,15.31,0.00,0.00,2.02,0.00,0.00,0.00,0.00,0.00,0.00,0.00,0.00,0.00,0.00,0.00,0.00,0.00,0.00,0.00,0.97,0.00,0.00
1585530943000,0.00,0.00,0.00,90.33,0.00,0.00,0.00,0.00,0.00,0.00,79.27,0.00,0.00,0.00,0.00,0.00,0.00,0.26,0.00,0.00,0.00,0.00,0.00,0.00,0.00,0.00,0.00,0.00,0.00,2.27,0.00,0.00
1585597552000,0.00,0.00,0.00,43.19,6.01,0.00,0.00,0.00,0.00,0.00,109.80,0.00,0.00,0.00,0.00,0.00,0.00,0.00,0.00,0.00,0.00,0.00,0.00,0.00,0.00,0.98,0.00,0.00,0.00,2.44,0.00,0.00
1585663995000,0.00,0.00,1.03,8.29,0.00,0.00,0.00,0.00,0.00,0.00,13.75,0.00,0.00,0.00,0.00,0.00,0.00,0.00,0.00,0.00,0.00,0.00,0.00,0.00,0.00,0.41,0.00,0.00,0.00,162.93,0.00,0.00
1585730765000,0.00,0.00,0.00,20.29,0.00,0.00,0.00,0.00,0.00,0.00,23.27,0.00,0.00,0.78,0.00,0.00,0.00,0.10,0.00,0.00,0.00,0.00,0.00,0.14,0.00,0.53,0.00,0.00,0.00,2.52,0.00,0.00
1585796879000,39.10,0.00,133.22,0.00,0.00,0.00,0.00,0.00,0.00,0.00,168.22,0.00,0.00,12.44,0.00,0.00,0.00,0.00,0.00,0.00,0.00,0.00,0.00,0.00,0.00,5.30,0.00,0.00,0.00,6.43,0.00,0.00
1585863338000,130.26,0.00,63.94,25.46,7.58,0.00,0.00,0.00,0.00,0.00,413.56,0.00,0.00,1.26,0.00,0.00,0.00,0.00,0.00,0.00,0.47,0.00,0.00,0.00,0.00,0.00,0.00,0.00,0.00,2.74,0.00,0.00
1585929737000,34.15,0.00,137.27,0.00,0.00,0.00,0.00,0.00,0.00,0.00,38.50,0.00,0.00,0.40,0.00,0.00,0.00,0.00,0.00,0.00,0.00,0.00,0.00,0.00,0.00,1.57,0.00,0.00,0.00,2.28,0.00,0.00
1585996683000,151.21,0.00,49.05,0.00,0.00,0.00,0.00,0.00,0.00,0.00,36.49,0.00,0.00,0.00,0.00,0.00,0.00,0.00,0.00,0.00,0.36,0.00,0.00,0.00,0.00,2.87,0.00,0.00,0.00,13.56,0.00,0.00
1586062656000,28.16,0.00,21.09,0.00,0.00,0.00,0.00,0.00,0.00,0.00,11.02,0.00,0.00,0.00,1.40,0.00,0.00,0.00,0.00,0.00,0.07,0.00,0.00,0.00,0.00,1.23,0.00,0.00,0.00,0.50,0.00,0.00
1586128910000,0.00,0.00,5.46,26.53,0.00,0.00,0.00,0.00,0.00,0.00,22.95,0.00,0.00,24.87,0.00,0.00,0.00,1.14,0.00,0.00,11.12,0.00,0.00,0.00,0.00,0.00,0.00,0.00,0.00,80.24,0.00,0.00
1586196243000,359.65,0.00,238.89,0.00,0.00,0.00,0.00,0.00,0.00,0.00,34.77,0.00,0.00,7.09,0.00,0.00,0.00,0.00,0.00,0.00,1.04,0.00,0.00,0.00,0.00,0.00,0.00,0.00,0.00,15.94,1.07,0.00
1586262341000,380.84,0.00,352.51,0.00,0.00,0.00,4.85,0.00,0.00,3.36,48.41,0.00,0.00,6.55,0.00,0.00,0.00,0.07,0.00,0.24,0.97,0.00,0.00,0.00,0.00,0.17,0.00,0.00,0.00,2.38,0.00,0.00
1586328645000,0.00,0.00,0.00,7.89,7.82,0.00,7.74,0.00,0.00,17.61,347.67,0.00,3.06,17.15,0.00,0.00,0.00,0.00,0.00,0.00,5.68,0.00,0.00,0.00,0.00,29.56,0.00,0.00,0.00,10.80,0.00,0.00
1586395095000,0.00,0.00,0.00,10.41,0.00,0.00,8.08,0.00,0.00,0.00,29.44,0.00,0.00,3.91,0.00,0.00,0.00,1.45,0.00,0.00,12.63,0.00,0.00,0.00,0.00,0.00,0.00,0.00,0.00,41.38,0.00,0.00
1586461589000,96.75,0.00,51.20,12.08,0.00,0.00,10.92,0.00,0.00,0.00,85.30,0.00,0.00,80.83,0.00,0.00,0.00,0.91,0.00,0.00,57.90,0.00,0.00,0.00,0.00,0.00,0.00,0.00,0.00,64.66,0.00,0.00
1586527803000,0.00,0.00,147.65,0.00,0.00,0.00,0.00,0.00,0.00,0.00,136.02,0.00,0.00,3.12,0.00,0.00,0.00,0.00,0.00,0.00,0.00,0.00,0.00,0.00,0.00,0.00,0.00,0.00,0.00,0.00,0.00,0.00
1586595384000,62.07,0.00,33.42,0.00,0.00,0.00,0.00,0.00,0.00,5.35,6.24,0.00,0.00,1.22,0.00,0.00,0.00,0.00,0.00,0.00,0.00,0.00,0.00,0.00,0.00,0.00,0.00,0.00,0.00,1.34,0.00,0.00
1586661725000,61.04,0.00,0.00,0.00,0.00,0.00,0.00,0.00,0.00,0.00,105.96,0.00,0.00,0.00,0.00,0.00,0.00,0.00,0.00,0.00,0.53,0.00,0.00,0.00,0.00,3.11,0.00,0.00,0.00,0.17,0.00,0.00
1586727352000,63.94,0.00,0.00,0.00,0.00,0.00,0.00,0.00,0.00,0.00,157.43,0.00,0.00,2.19,0.00,0.00,0.00,0.00,0.00,0.00,0.00,0.00,0.00,0.00,0.00,0.00,0.00,0.00,0.98,16.48,0.00,0.00
1586794113000,0.00,0.00,0.00,0.00,0.00,0.00,0.00,0.00,0.00,0.00,158.09,0.00,0.00,0.00,0.00,0.00,0.00,0.00,0.00,0.00,0.00,0.00,0.00,0.00,0.00,0.00,0.00,0.00,0.00,2.49,0.00,0.00
1586860055000,39.79,0.00,46.06,7.82,9.41,0.00,0.00,0.00,0.00,0.00,106.52,0.00,0.00,0.00,0.00,0.00,0.00,0.00,0.00,0.00,0.00,0.00,0.00,0.00,0.00,0.00,0.00,0.00,0.00,0.14,0.00,0.00
1586926685000,0.00,0.00,6.09,0.00,0.00,0.00,0.00,0.00,0.00,0.00,214.25,0.00,0.00,0.00,0.00,0.00,0.00,0.00,0.00,0.00,0.00,0.00,0.00,0.00,0.00,0.00,0.00,0.35,0.00,1.14,0.00,0.00
1586993289000,0.00,0.00,3.33,0.00,0.00,0.00,0.00,0.00,0.00,0.00,83.89,4.01,0.00,1.44,0.00,0.00,0.00,0.00,0.00,0.00,0.14,0.00,0.00,0.00,0.00,0.00,0.00,0.00,0.00,2.04,0.00,0.00
1587060295000,115.83,0.00,187.97,0.00,0.00,0.00,0.00,0.00,0.00,0.00,245.95,0.00,0.00,0.00,0.00,0.00,0.00,0.00,0.00,0.00,0.00,0.00,0.00,0.00,0.00,0.00,0.00,0.00,0.00,0.00,0.00,0.00
1587127928000,0.00,0.00,16.28,0.00,0.00,0.00,0.00,0.00,0.00,0.00,89.90,0.00,0.00,1.33,0.00,0.00,0.00,0.00,0.00,0.00,0.00,0.00,0.00,0.00,0.00,0.00,0.00,0.00,0.00,0.92,0.00,0.00
1587193459000,226.47,0.00,218.16,8.22,0.00,0.00,0.00,0.00,0.00,0.00,488.16,0.00,0.00,0.82,0.00,0.00,0.00,0.00,0.00,0.00,0.00,0.00,0.00,0.00,0.00,0.00,0.00,0.00,0.00,0.00,0.00,0.00
1587261633000,352.20,0.00,280.43,0.00,0.00,0.00,0.00,0.00,0.00,0.00,54.56,0.00,0.00,2.41,0.00,0.00,0.00,0.00,0.00,0.00,8.74,0.00,0.00,0.00,0.00,0.00,0.00,0.00,0.00,0.01,0.00,0.00
1587328233000,208.97,0.00,0.00,255.19,0.00,0.00,0.00,0.00,0.00,0.00,1.67,0.00,0.00,1.68,0.00,0.00,0.00,0.00,0.00,0.00,0.00,0.00,0.00,0.00,0.00,0.00,0.00,0.00,0.00,0.00,0.00,0.00
1587395247000,0.00,0.00,0.00,0.00,0.00,0.00,0.00,0.00,0.00,0.00,17.28,0.00,0.00,1.24,0.00,0.00,0.00,0.00,0.00,0.00,0.00,0.00,0.00,0.00,0.00,0.00,0.00,0.00,0.00,0.00,0.00,0.00
1587461100000,238.58,0.00,60.91,0.00,0.00,0.00,0.89,0.00,0.00,0.00,19.38,0.00,0.00,0.00,0.00,0.00,0.00,0.00,0.00,0.00,0.00,0.00,0.00,0.00,0.00,0.00,0.00,0.00,0.00,2.54,0.00,0.00
1587528273000,0.00,0.00,7.21,0.00,0.00,0.00,0.00,0.00,0.00,0.00,1.98,4.63,0.00,3.95,0.00,0.00,0.00,0.00,0.00,0.00,0.00,0.00,0.00,0.00,0.00,0.00,0.00,0.00,0.00,0.00,0.00,0.00
1587595166000,85.30,0.00,316.32,0.00,0.00,0.00,0.00,0.00,0.00,0.00,40.85,0.00,4.82,0.18,0.00,0.00,0.00,0.00,0.00,0.00,0.00,0.00,0.00,0.00,0.00,0.00,0.00,0.00,0.00,37.88,0.00,0.00
1587661694000,250.82,0.00,453.63,0.00,0.00,0.00,0.00,0.00,0.00,0.00,61.36,0.00,0.00,1.44,0.00,0.00,0.00,0.00,0.00,0.00,0.00,0.00,0.00,0.00,0.00,0.00,0.00,0.00,0.00,1.39,0.00,0.00
1587728239000,154.26,0.00,419.03,0.00,0.00,0.00,0.00,0.00,0.00,0.00,376.75,0.00,0.00,7.81,0.00,0.00,0.00,0.00,0.00,0.00,0.80,0.00,0.00,0.00,0.00,0.00,0.00,0.00,0.00,2.87,0.00,0.00
1587795751000,278.26,0.00,930.50,0.00,0.00,0.00,0.00,0.00,0.00,0.00,72.86,0.00,0.00,0.00,0.00,0.00,0.00,0.00,0.00,0.00,0.00,0.00,0.00,0.00,0.00,0.00,0.00,0.00,0.00,1.16,0.00,0.00
1587862819000,0.00,0.00,55.77,0.00,0.00,0.00,0.00,0.00,0.00,0.00,36.52,6.18,0.00,3.81,0.00,0.00,7.50,0.00,0.00,0.00,0.00,0.00,0.00,0.00,0.00,2.29,0.00,0.00,0.00,70.74,0.00,0.00
1587929252000,150.80,0.00,1.40,34.13,0.00,0.00,0.00,0.00,0.00,0.00,147.75,0.00,0.00,0.00,0.00,0.00,0.00,0.00,0.00,0.00,0.59,0.00,0.00,0.00,0.00,0.00,0.00,0.00,0.00,93.74,0.00,0.00
1587996928000,257.65,0.00,66.25,0.00,0.00,0.00,10.12,0.00,0.00,0.00,10.94,0.00,0.00,0.05,0.00,0.00,0.00,0.00,0.00,0.00,0.05,0.00,0.00,0.00,0.00,0.00,0.00,0.00,0.00,0.00,0.00,0.00
1588064059000,0.00,0.00,163.30,0.00,0.00,0.00,10.90,0.00,0.00,0.00,9.81,0.00,0.00,0.29,0.00,0.00,0.00,0.00,0.00,0.00,0.19,0.00,0.00,0.00,0.00,0.00,0.00,0.00,0.00,0.34,0.00,0.00
1588130892000,94.83,0.00,211.89,0.00,0.00,0.00,0.00,0.00,0.00,0.00,0.00,0.00,0.00,0.37,0.00,0.00,0.00,0.00,0.00,0.00,0.00,0.00,0.00,0.00,0.00,0.00,0.00,0.00,0.00,2.25,0.00,0.00
1588196815000,173.01,0.00,280.44,0.00,0.00,0.00,5.01,0.00,0.00,0.00,93.42,0.00,0.00,0.00,0.00,0.00,0.00,0.00,0.00,0.00,0.00,0.00,0.00,0.00,0.00,0.00,0.00,0.00,0.00,0.00,0.00,0.00
1588263775000,100.16,0.00,158.45,0.00,0.00,0.00,0.00,0.00,0.00,0.00,9.04,0.00,0.00,0.00,0.00,0.00,0.00,0.00,0.00,0.00,0.00,0.00,0.00,0.00,0.00,0.00,0.00,0.00,0.00,6.50,0.00,0.00
1588331537000,66.74,0.00,57.75,0.00,0.00,0.00,0.00,0.00,0.00,0.00,8.14,0.00,0.00,12.02,0.00,0.00,0.00,6.36,0.00,0.00,0.00,0.00,0.00,0.00,0.00,0.00,0.00,0.00,0.00,3.19,0.00,0.00
1588398724000,0.00,0.00,50.73,0.00,0.00,0.00,0.00,0.00,0.00,0.00,10.06,0.00,0.00,3.80,0.00,0.00,0.00,0.00,0.00,0.00,0.00,0.00,0.00,0.00,0.00,0.00,0.00,0.00,0.00,0.00,0.00,0.00
1588465200000,608.21,0.00,24.10,0.00,8.06,0.00,0.00,0.00,0.00,0.00,0.30,0.00,0.00,0.00,0.00,0.00,0.00,0.00,0.00,0.00,0.00,0.00,0.00,0.00,0.00,0.00,0.00,0.00,0.00,0.89,0.00,0.00
1588533007000,0.00,0.00,26.69,0.00,0.00,0.00,0.00,0.00,0.00,0.00,9.26,0.00,0.00,0.00,0.00,0.00,0.00,0.00,0.00,0.00,0.00,0.00,0.00,0.00,0.00,0.00,0.00,0.00,0.00,0.00,0.00,0.00
1588598533000,0.00,0.00,0.00,0.00,0.00,0.00,0.00,0.00,0.00,0.00,13.13,0.00,0.00,4.58,0.00,0.00,0.00,0.00,0.00,0.00,0.00,0.00,0.00,0.00,0.00,0.00,0.00,0.00,0.00,3.82,0.00,0.00
1588665570000,0.00,0.00,7.19,0.00,0.00,0.00,0.00,0.00,0.00,0.00,10.22,0.00,0.00,2.07,0.00,0.00,0.00,0.00,0.00,0.00,0.00,0.00,0.00,0.00,0.00,0.00,0.00,0.00,0.00,1.30,0.00,0.00
1588732063000,0.00,0.00,0.00,8.42,0.00,0.00,0.00,0.00,0.00,0.00,0.78,0.00,0.00,1.50,0.00,0.00,0.00,0.00,0.00,0.00,0.00,0.00,0.00,0.00,0.00,0.00,0.00,0.00,0.00,3.21,0.00,0.00
1588799197000,304.24,0.00,198.55,0.00,0.00,0.00,0.00,0.00,0.00,0.00,25.34,0.00,0.00,0.00,0.00,0.00,0.00,0.00,0.00,0.00,0.00,0.00,0.00,0.00,0.00,0.00,0.00,0.00,0.00,4.88,0.00,0.00
1588866419000,140.94,0.00,684.81,0.00,0.00,0.00,22.48,0.00,0.00,0.00,70.71,0.00,0.00,0.00,0.00,0.00,0.00,0.00,0.00,0.00,0.00,0.00,0.00,0.00,0.00,0.00,0.00,0.00,0.00,2.14,0.00,0.00
1588933460000,0.00,0.00,254.71,0.00,0.00,0.00,23.08,0.00,0.00,0.00,8.76,0.00,0.00,0.00,0.00,0.00,0.00,0.00,0.00,0.00,0.00,0.00,0.00,0.00,0.00,0.00,0.00,0.00,0.00,0.00,0.00,0.00
1588999718000,0.00,0.00,296.82,0.00,0.00,0.00,75.70,0.00,0.00,0.00,1.90,0.00,0.00,5.39,0.00,0.00,0.00,0.00,0.00,0.00,0.00,0.00,0.00,0.00,0.00,0.00,0.00,0.00,0.00,9.50,0.00,0.00
1589067455000,217.24,0.00,242.01,0.00,0.00,0.00,17.92,0.00,0.00,0.00,10.35,0.00,0.00,0.00,0.00,0.00,0.00,0.00,0.00,0.00,0.00,0.00,0.00,0.00,0.00,0.00,0.00,0.00,0.00,0.00,0.00,0.00
1589134469000,363.10,0.00,352.05,0.00,0.00,0.00,0.00,0.00,0.00,0.00,0.99,0.00,0.00,0.00,0.00,0.00,0.00,0.00,0.00,0.00,0.00,0.00,0.00,0.00,0.00,0.00,0.00,0.00,0.00,3.44,0.00,0.00
1589201108000,617.79,0.00,420.61,0.00,0.00,0.00,64.19,0.00,0.00,0.00,0.85,0.00,0.00,9.13,0.00,0.00,0.00,0.00,0.00,0.00,0.00,0.63,0.00,0.00,0.00,0.00,0.00,0.00,0.00,0.26,0.00,0.00
1589268104000,110.41,0.00,117.62,0.00,0.00,0.00,13.33,0.00,0.00,0.00,0.19,0.00,0.00,0.00,0.00,0.00,0.00,0.00,0.00,0.00,0.00,0.00,0.00,0.00,0.00,0.00,0.00,0.00,0.00,0.19,0.00,0.00
1589335889000,0.00,0.00,339.33,0.00,0.00,0.00,0.00,0.00,0.00,0.00,0.93,0.00,0.00,0.00,0.00,0.00,0.00,0.00,0.00,0.00,0.00,0.00,0.00,0.00,0.00,0.00,0.00,0.00,0.00,0.00,0.00,0.00
1589401845000,0.00,0.00,242.32,13.04,0.00,0.00,0.00,0.00,0.00,0.00,0.77,0.00,0.00,1.71,0.00,0.00,0.00,0.00,0.00,0.00,0.00,0.00,0.00,0.00,0.00,0.00,0.00,0.00,0.00,1.71,0.00,0.00
1589468952000,0.00,0.00,0.01,0.00,0.00,0.00,12.27,0.00,0.00,0.00,1.00,0.00,0.00,0.00,0.00,0.00,0.00,0.00,0.00,0.00,0.01,0.00,0.00,0.00,0.00,0.00,0.00,0.00,0.00,0.00,0.00,0.00
1589535765000,251.98,0.00,256.93,0.00,0.00,0.00,0.00,0.00,0.00,0.00,0.55,0.00,0.00,0.00,0.00,0.00,0.00,0.00,0.00,0.00,0.00,0.00,0.00,0.00,0.00,0.00,0.00,0.00,0.00,0.00,0.00,0.00
1589603682000,0.00,0.00,78.26,0.00,0.00,0.00,28.26,0.00,0.00,0.00,0.18,0.00,0.00,8.68,0.00,0.00,0.00,0.00,0.00,0.00,0.00,0.00,0.00,0.00,0.00,0.00,0.00,0.00,0.00,0.44,0.00,0.00
1589671059000,119.31,0.00,55.11,0.00,0.00,0.00,0.00,0.00,0.00,0.00,27.96,7.40,0.00,0.00,0.00,0.00,0.00,0.00,0.00,0.00,0.00,0.00,0.00,0.00,0.00,0.00,0.00,0.00,0.00,0.00,0.00,0.00
1589737053000,0.00,0.00,93.19,0.00,0.00,0.00,0.00,0.00,0.00,0.00,377.69,0.00,0.00,0.00,0.00,0.00,0.00,0.00,0.00,0.00,0.00,0.00,0.00,0.00,0.00,0.00,0.00,0.00,0.00,0.00,0.00,0.00
1589805022000,793.60,0.00,1911.31,8.34,0.00,0.00,0.00,0.00,0.00,0.00,28.28,0.00,0.00,5.58,0.00,0.00,0.00,0.00,0.00,0.00,0.00,0.00,0.00,0.00,0.00,0.00,0.00,0.00,0.00,0.00,0.00,0.00
1589872818000,8140.86,0.00,24123.21,0.00,0.00,0.00,74.17,0.00,0.00,34.73,316.76,27.79,0.00,45.26,0.00,0.00,0.00,0.00,0.00,0.00,0.00,0.00,0.00,0.00,0.00,0.00,0.00,0.00,0.00,47.10,0.00,0.00
1589939554000,7062.26,0.00,15533.19,0.00,21.04,0.00,56.04,0.00,0.00,19.99,70.03,0.00,9.35,0.00,4.88,0.00,0.00,0.00,0.00,0.00,0.00,0.00,0.00,0.00,0.00,0.00,0.00,0.00,0.00,0.00,0.00,0.00
1590006861000,2665.40,0.00,8501.14,0.00,0.00,0.00,0.00,0.00,0.00,0.00,25.81,0.00,0.00,0.26,0.00,0.00,0.00,1.75,0.00,0.00,0.00,0.00,0.00,0.00,0.00,0.00,0.00,0.00,0.00,0.00,0.00,0.00
1590074422000,4831.77,0.00,11989.01,7.96,0.00,0.00,0.00,0.00,0.00,16.11,37.08,0.00,0.00,0.00,0.00,0.00,0.00,14.84,0.00,0.00,0.00,0.00,0.00,0.00,0.00,0.00,0.00,0.00,0.00,9.44,0.00,0.00
1590141059000,1653.38,0.00,3982.37,34.34,0.00,0.00,13.24,0.00,0.00,0.00,29.86,0.00,0.00,0.18,0.00,0.00,0.00,0.35,0.00,0.00,0.00,0.00,0.00,0.00,0.00,0.00,0.00,0.00,0.00,5.69,0.00,0.00
1590208967000,2171.26,0.00,4433.63,10.10,0.00,0.00,0.00,0.00,0.00,15.62,9.48,0.00,0.00,0.00,0.00,0.00,0.00,0.00,0.00,0.00,6.76,0.00,0.00,0.00,0.00,0.00,0.00,0.00,0.00,4.62,0.00,0.00
1590274976000,213.10,0.00,1438.97,0.00,0.00,0.00,0.00,0.00,0.00,0.00,30.81,0.00,0.00,0.00,0.00,0.00,0.00,0.00,0.00,0.00,5.21,0.00,0.00,0.00,0.00,0.00,0.00,0.00,0.00,0.00,0.00,0.00
1590342750000,215.47,0.00,1123.92,0.00,0.00,0.00,0.00,0.00,0.00,0.00,1.44,0.00,0.00,0.00,0.00,0.00,0.00,0.00,0.00,0.00,0.00,0.00,0.00,0.00,0.00,0.00,0.00,0.00,0.00,1.02,0.00,0.00
1590410682000,252.85,0.00,345.21,0.00,0.00,0.00,0.00,0.00,0.00,0.00,0.62,0.00,0.00,3.99,0.00,0.00,0.00,0.00,0.00,0.00,0.00,0.00,0.00,0.00,0.00,0.00,0.00,0.00,0.00,0.62,0.00,0.00
1590478377000,1136.21,0.00,2051.43,0.00,0.00,0.00,0.00,0.00,0.00,0.00,0.00,0.00,0.00,1.11,0.00,0.00,0.00,0.00,0.00,0.00,0.00,0.00,0.00,0.00,0.00,0.00,0.00,0.00,0.00,0.00,0.00,0.00
1590544575000,451.59,0.00,2015.49,0.00,0.00,0.00,0.00,0.00,0.00,0.00,0.00,0.00,0.00,0.00,0.00,0.00,0.00,0.00,0.00,0.00,0.00,0.00,0.00,0.00,0.00,0.00,0.00,0.00,0.00,0.00,0.00,0.00
1590611579000,0.00,0.00,780.45,0.00,0.00,0.00,2.62,0.00,0.00,0.00,0.00,0.00,0.00,0.00,0.00,0.00,0.00,0.00,0.00,0.00,0.00,0.00,0.00,0.00,0.00,0.00,0.00,0.00,0.00,0.05,0.00,0.00
1590679160000,520.79,0.00,1369.59,0.00,0.00,0.00,0.00,0.00,0.00,0.00,69.21,0.00,0.00,0.00,0.00,0.00,0.00,0.00,0.00,0.00,0.00,0.32,0.00,0.00,0.00,0.00,0.00,0.00,0.00,0.00,0.00,0.00
1590746214000,1205.11,0.00,2758.17,0.00,0.00,0.00,23.85,0.00,0.00,35.42,136.29,0.00,0.00,4.49,0.00,0.00,0.00,0.00,0.00,0.00,0.00,0.00,0.00,0.00,0.00,0.00,0.00,0.00,0.00,1.03,0.00,11.79
1590813192000,808.78,0.00,3270.27,0.00,0.00,0.00,0.00,0.00,0.00,0.00,3.84,0.00,0.00,0.00,0.00,0.00,0.00,0.00,0.00,0.00,0.00,0.00,0.00,0.00,0.00,0.00,0.00,0.00,0.00,0.00,0.00,0.00
1590879948000,364.84,0.00,4836.50,0.00,0.00,0.00,0.00,0.00,0.00,0.00,69.22,0.00,0.00,0.00,0.00,0.00,0.00,0.00,0.00,0.00,0.00,0.00,0.00,0.00,0.00,0.00,0.00,0.00,0.00,0.00,0.00,0.00
1590947369000,152.46,0.00,781.64,0.00,0.00,0.00,0.00,0.00,0.00,0.00,4.90,0.00,0.00,0.00,0.00,0.00,0.00,0.00,0.00,0.00,0.00,0.00,0.00,0.00,0.00,0.00,0.00,0.00,0.00,0.00,0.00,0.00
1591014647000,144.92,0.00,427.22,0.00,0.00,0.00,0.00,0.00,0.00,0.00,0.00,0.00,0.00,0.00,0.00,0.00,0.00,0.00,0.00,0.00,0.00,0.00,0.00,0.00,0.00,0.00,0.00,0.00,0.00,0.07,0.00,0.00
1591082752000,963.01,0.00,4742.63,0.00,0.00,0.00,0.00,0.00,0.00,0.00,0.00,0.00,0.00,0.00,0.00,0.00,0.00,0.00,0.00,0.00,0.00,0.00,0.00,0.00,0.00,0.00,0.00,0.00,0.00,0.00,0.00,0.00
1591148690000,395.73,0.00,748.93,0.00,0.00,0.00,0.00,0.00,0.00,0.00,0.00,0.00,0.00,0.00,0.00,0.00,0.00,0.00,0.00,0.00,0.00,0.00,0.00,0.00,0.00,0.00,0.00,0.00,0.00,2.08,0.00,0.00
1591215943000,726.94,0.00,3367.86,0.00,0.00,0.00,0.02,0.00,0.00,0.00,0.44,0.00,0.00,0.00,0.00,0.00,0.00,0.00,0.00,0.00,0.00,0.00,0.00,0.00,0.00,0.00,0.00,0.00,0.00,1.44,0.00,0.00
1591282421000,280.42,0.00,2294.92,0.00,0.00,0.00,0.00,0.00,0.00,0.00,6.91,0.00,0.00,0.16,0.00,0.00,0.00,0.00,0.00,0.00,0.00,19.31,0.00,0.00,0.00,0.10,0.00,0.00,0.00,0.16,0.00,0.00
1591350178000,116.34,0.00,311.07,0.00,0.00,0.00,0.00,0.00,0.00,0.00,0.00,0.00,0.00,0.19,0.00,0.00,0.00,0.00,0.00,0.00,0.00,0.00,0.00,0.00,0.00,0.00,0.00,0.00,0.00,0.00,0.00,0.00
1591417205000,1293.16,0.00,5556.56,0.00,0.00,0.00,37.38,0.00,0.00,21.89,60.43,18.73,0.00,0.00,0.00,0.00,0.00,0.00,494.92,0.00,0.00,0.00,0.00,0.00,0.00,0.00,0.00,0.00,0.00,2.31,0.00,0.00
1591484259000,0.00,0.00,188.11,0.00,0.00,0.00,0.00,0.00,0.00,0.00,0.00,0.00,0.00,0.00,0.00,0.00,0.00,0.00,0.00,0.00,0.00,0.00,0.00,0.00,0.00,0.00,0.00,0.00,0.00,0.00,0.00,0.00
1591550906000,657.21,0.00,2886.16,0.00,0.00,0.00,42.90,0.00,0.00,0.00,0.00,0.00,0.00,0.00,0.00,0.00,0.00,0.00,69.50,0.00,0.00,0.00,0.00,0.00,0.00,0.00,0.00,0.00,0.00,0.00,0.00,0.00
1591618133000,1153.46,0.00,6776.29,0.00,0.00,0.00,76.83,0.00,0.00,0.00,0.00,0.00,0.00,0.00,0.00,0.00,0.00,0.00,451.22,0.00,0.00,0.00,0.00,0.00,0.00,0.00,0.00,0.00,0.00,0.10,0.00,0.00
1591685059000,1197.22,0.00,9959.76,0.00,0.00,0.00,35.18,0.00,0.00,47.09,30.18,0.00,0.00,9.00,0.00,0.00,0.00,0.00,994.65,0.00,0.00,0.00,0.00,0.00,0.00,0.00,0.00,0.00,0.00,0.00,0.00,0.00
1591752128000,1943.90,0.00,8201.68,49.21,0.00,0.00,0.00,25.95,0.00,0.00,29.43,0.00,0.00,7.95,0.00,0.00,0.00,0.00,1831.51,0.00,0.00,0.00,0.00,0.00,0.00,0.00,0.00,0.00,0.00,0.00,0.00,0.00
1591819406000,525.55,0.00,6613.72,0.00,0.00,0.00,0.00,30.64,0.00,0.00,0.00,0.00,0.00,0.00,0.00,0.00,0.00,0.00,537.00,0.00,0.00,0.00,0.00,0.00,0.00,0.04,0.00,0.00,0.00,0.00,0.00,0.00
1591886639000,673.78,0.00,5354.68,0.00,0.00,0.00,0.00,0.00,0.00,0.00,60.12,0.00,0.00,0.00,0.00,0.00,0.00,0.00,189.94,0.00,0.00,0.00,0.00,0.00,0.00,0.00,0.00,0.00,0.00,0.00,0.00,0.00
1591953795000,157.89,0.00,703.86,0.00,0.00,0.00,20.18,0.00,0.00,0.00,0.00,0.00,0.00,0.00,0.00,0.00,0.00,0.00,87.69,0.00,0.00,0.00,0.00,0.00,0.00,0.00,0.00,0.00,0.00,17.21,0.00,0.00
1592019751000,313.74,0.00,3299.33,0.00,0.00,0.00,0.00,0.00,10.45,0.00,0.00,0.00,0.00,0.00,0.00,0.00,0.00,0.00,81.64,0.00,0.00,0.00,0.00,0.00,0.00,0.00,0.00,0.00,0.00,22.64,0.00,0.00
1592086308000,0.00,0.00,577.72,0.00,0.00,0.00,0.00,0.00,0.00,0.00,2.09,0.00,0.00,0.00,0.00,0.00,0.00,0.00,72.43,0.00,0.00,0.00,0.00,0.00,0.00,0.00,0.00,0.00,0.00,0.00,0.00,0.00
1592152586000,352.37,0.00,1189.02,0.00,0.00,0.00,12.03,0.00,0.00,0.00,0.00,0.00,0.00,0.00,0.00,0.00,0.00,0.00,0.00,0.00,0.00,0.00,0.00,0.00,0.00,0.00,0.00,0.00,0.00,19.99,0.00,0.00
1592220051000,309.34,0.00,5128.65,0.00,0.00,0.00,0.00,0.00,0.00,16.84,2.45,16.40,0.00,6.21,0.00,0.00,0.00,0.00,745.64,0.00,0.00,0.00,0.00,0.00,0.00,0.00,0.00,0.00,0.00,0.00,0.00,0.00
1592286377000,423.49,0.00,6838.51,0.00,0.00,0.00,0.00,0.00,0.00,0.00,2.01,0.00,0.00,0.00,0.00,0.00,0.00,0.00,690.64,0.00,0.00,0.00,0.00,0.00,0.00,0.00,0.00,0.00,0.00,0.00,0.00,0.00
1592353299000,119.84,0.00,2068.06,0.00,0.00,0.00,0.00,0.00,0.00,0.00,0.00,0.00,0.00,0.00,0.00,0.00,0.00,0.00,631.67,0.00,0.00,0.00,0.00,0.00,0.00,0.00,0.00,0.00,0.00,0.00,0.00,0.00
1592420499000,1067.68,0.00,8697.01,0.00,40.85,0.00,0.00,0.00,0.00,0.00,79.09,0.00,0.00,0.00,0.00,0.00,0.00,0.00,256.63,0.00,0.00,0.00,0.00,0.00,0.00,0.00,0.00,0.00,0.00,18.65,0.00,0.00
1592487381000,472.74,0.00,17494.62,0.00,0.00,2303.56,0.00,0.00,0.00,0.00,30.91,0.00,0.00,0.00,0.00,0.00,0.00,0.00,72.14,0.00,0.00,0.00,0.00,0.00,0.00,0.00,0.00,0.00,0.00,0.00,0.00,0.00
1592554190000,795.42,0.00,23752.68,27.42,0.00,3947.90,0.00,0.00,18.08,0.00,20.71,0.00,0.00,8.94,0.00,0.00,0.00,0.00,199.45,0.00,0.00,0.00,0.00,0.00,0.00,0.00,0.00,0.00,0.00,0.00,0.00,0.00
1592620823000,266.34,0.00,3362.27,0.00,0.00,893.88,0.00,0.00,0.00,0.00,0.00,0.00,0.00,590.00,0.00,0.00,0.00,0.00,0.00,0.00,0.00,0.00,0.00,0.00,0.00,0.00,0.00,0.00,0.00,0.00,0.00,0.00
1592687778000,289.56,0.00,1998.77,0.00,0.00,2186.88,0.00,0.00,0.00,20.49,16.40,0.00,0.00,6.87,0.00,0.00,0.00,0.00,91.68,0.00,0.00,0.00,0.00,0.00,0.00,0.00,0.00,0.00,0.00,6.89,0.00,0.00
1592754650000,269.20,0.00,2914.91,0.00,0.00,866.92,0.00,0.00,0.00,0.00,1.00,0.00,0.00,1.11,0.00,0.00,0.00,0.00,67.15,0.00,0.00,0.00,0.00,0.00,0.00,0.00,0.00,0.00,0.00,0.00,0.00,0.00
1592821490000,343.24,0.00,4593.23,0.00,0.00,892.63,0.00,0.00,0.00,0.00,0.00,0.00,0.00,0.00,0.00,0.00,0.00,0.00,0.00,0.00,0.00,0.00,0.00,0.00,0.00,0.00,0.00,0.00,0.00,0.00,0.00,0.00
1592887950000,1112.54,0.00,9745.75,0.00,0.00,2379.62,0.00,0.00,0.00,0.00,0.00,0.00,0.00,0.00,0.00,0.00,0.00,0.00,0.00,0.50,0.00,0.00,0.00,0.00,0.00,0.00,0.00,0.00,0.00,0.00,0.00,0.00
1592955125000,1314.60,0.00,7611.85,0.00,0.00,4901.08,0.00,0.00,0.00,0.00,0.49,0.00,0.00,0.00,0.00,0.00,0.00,0.00,229.74,0.00,0.00,0.00,0.00,0.00,0.00,0.00,0.00,0.00,0.00,0.00,0.00,0.00
1593021557000,0.00,0.00,291.38,0.00,0.00,444.88,0.00,0.00,0.00,0.00,0.00,0.00,0.00,0.00,0.00,0.00,0.00,0.00,0.00,0.00,0.00,0.00,0.00,0.00,0.00,0.00,0.00,0.00,0.00,0.00,0.00,0.00
1593089244000,0.00,0.00,4123.14,0.00,0.00,1647.90,0.00,0.00,0.00,0.00,0.00,0.00,0.00,0.00,0.00,0.00,0.00,0.00,0.00,0.00,0.00,0.00,0.00,0.00,0.00,0.00,0.00,0.00,0.00,0.00,0.00,0.00
1593155584000,2.53,0.00,373.01,0.00,95.04,32.88,0.00,0.00,0.00,0.00,0.00,0.00,0.00,0.00,0.00,0.00,0.00,0.00,0.00,0.00,0.00,0.00,0.00,0.00,0.00,0.00,0.00,0.00,0.00,1.92,0.00,0.00
1593222525000,0.00,0.00,194.23,0.00,0.00,455.68,0.00,0.00,0.00,0.00,5.03,0.00,0.00,0.00,0.00,0.00,0.00,0.00,0.00,0.00,0.00,0.00,0.00,0.00,0.00,0.00,0.00,0.00,0.00,0.00,0.00,0.00
1593290502000,115.07,0.00,234.46,0.00,0.00,548.96,24.98,0.00,0.00,0.00,9.26,0.00,0.00,0.00,0.00,0.00,0.00,0.00,39.81,0.00,0.00,0.00,0.00,0.00,0.00,0.00,0.00,0.00,0.00,0.00,0.00,0.00
1593357018000,0.00,0.00,770.12,0.00,0.00,421.89,212.21,0.00,0.00,0.00,1.05,0.00,0.00,0.00,0.00,0.00,0.00,0.00,0.00,0.00,0.00,0.00,0.00,0.00,0.00,0.00,0.00,0.00,0.00,4.69,0.00,0.00
1593423930000,0.00,0.00,397.44,0.00,0.00,554.55,0.00,0.00,0.00,0.00,0.00,0.00,0.00,31.61,0.00,0.00,0.00,0.00,0.00,0.00,0.00,0.00,0.00,0.00,0.00,0.00,0.00,0.00,0.00,4.58,0.00,0.00
1593491533000,0.00,0.00,1237.53,9.29,0.00,1248.02,0.00,0.00,0.00,0.00,0.88,0.00,0.00,0.00,0.00,0.00,0.00,0.00,0.00,0.00,0.00,0.00,0.00,0.00,0.00,0.00,0.00,0.00,0.00,0.00,0.00,0.00
1593558059000,0.00,0.00,0.00,0.00,0.00,76.78,0.00,0.00,0.00,0.00,0.00,0.00,0.00,0.00,0.00,0.00,0.00,0.00,0.00,0.00,0.00,0.00,0.00,0.00,0.00,0.00,0.00,0.00,0.00,0.00,0.00,0.00
1593626076000,591.88,0.00,1426.33,0.00,0.00,2378.79,253.25,0.00,0.00,0.00,124.16,0.00,0.00,0.00,0.00,0.00,0.00,0.00,0.00,0.00,0.00,0.00,0.00,0.00,0.00,0.00,0.00,0.00,0.00,0.00,0.00,0.00
1593693091000,500.17,0.00,2275.16,0.00,0.00,625.38,0.00,0.00,0.00,0.00,0.00,0.00,0.00,0.00,0.00,0.00,0.00,0.00,0.00,0.00,0.00,0.00,0.00,0.00,0.00,0.00,0.00,0.00,0.00,0.00,0.00,0.00
1593759463000,904.83,0.00,3016.72,0.00,12.12,818.95,0.00,0.00,0.00,24.24,0.00,0.00,0.00,0.00,0.00,0.00,0.00,0.00,0.31,0.00,0.00,0.00,0.00,0.00,0.00,0.00,0.00,0.00,0.00,0.00,0.00,0.00
1593826263000,469.36,0.00,10644.81,0.00,30.50,2620.46,225.42,0.00,0.00,0.00,55.59,0.00,0.00,0.00,0.00,0.00,0.00,0.00,0.00,0.00,0.00,0.00,0.00,0.00,0.00,0.00,0.00,0.00,0.00,0.00,0.00,4.96
1593893650000,123.10,0.00,1287.15,0.00,0.00,503.59,104.52,0.00,0.00,0.00,25.16,0.00,0.00,0.00,0.00,0.00,0.00,0.00,0.00,0.00,0.00,0.00,0.00,0.00,0.00,0.00,0.00,0.00,0.00,0.00,0.00,0.00
1593960035000,348.15,0.00,3853.97,0.00,22.22,891.31,257.41,0.00,0.00,0.00,17.22,0.00,0.00,93.79,0.00,0.00,0.00,0.00,0.00,0.00,0.00,0.00,0.00,0.00,0.00,0.00,0.00,0.00,0.00,0.00,0.00,0.00
1594026740000,581.53,0.00,2135.06,9.48,0.00,89.80,0.00,0.00,0.00,0.00,0.00,0.00,0.00,0.00,0.00,0.00,0.00,0.00,0.00,0.00,0.00,0.00,0.00,0.00,0.00,0.00,0.00,0.00,0.00,0.00,0.00,0.00
1594093901000,412.43,0.00,1356.63,0.00,0.00,0.00,0.00,0.00,0.00,0.00,0.00,0.00,0.00,0.00,0.00,0.00,0.00,0.00,0.00,0.00,0.00,0.00,0.00,0.00,0.00,0.00,0.00,0.00,0.00,0.00,0.00,0.00
1594160347000,294.32,389.58,1116.92,0.00,0.00,0.84,0.00,0.00,0.00,0.00,38.64,0.00,0.00,0.00,0.00,0.00,0.00,0.00,0.00,0.00,0.00,0.00,0.00,0.00,0.00,0.00,0.00,0.00,0.00,0.16,0.00,0.00
1594226396000,378.70,710.24,1682.12,0.00,0.00,0.00,17.02,0.00,0.00,0.00,46.37,0.00,0.00,0.00,0.00,0.00,0.00,0.00,0.00,0.00,0.00,0.00,0.00,0.00,0.00,0.00,0.00,0.00,0.00,0.00,0.00,0.00
1594293864000,429.04,254.08,1207.11,0.00,0.00,23.73,127.12,0.00,0.00,0.00,0.00,0.00,0.00,0.00,0.00,0.00,0.00,0.00,0.00,0.00,0.00,0.00,0.00,0.00,0.00,0.00,0.00,0.00,0.00,37.26,0.00,0.00
1594360496000,305.08,228.74,1261.42,0.00,36.80,11.14,46.93,0.00,0.00,15.60,9.76,0.00,0.00,0.00,0.00,0.00,0.00,0.00,0.00,0.00,0.00,0.00,0.00,0.00,0.00,0.00,0.00,0.00,0.00,15.49,0.00,0.00
1594428258000,246.14,508.14,2093.33,0.00,0.00,0.00,0.00,0.00,0.00,0.00,59.30,0.00,0.00,0.00,0.00,0.00,0.00,0.00,0.00,0.00,0.00,0.00,0.00,0.00,0.00,0.00,0.00,0.00,0.00,8.39,0.00,0.00
1594494048000,0.00,0.00,1432.51,0.00,0.00,0.00,0.00,0.00,4.74,0.00,42.99,0.00,0.00,0.00,0.00,0.00,0.00,0.00,0.00,0.00,0.00,0.00,0.00,0.00,0.00,0.00,0.00,0.00,0.00,0.00,0.00,0.00
1594560410000,1231.79,1045.86,6131.29,0.00,0.00,0.00,197.95,0.00,0.00,0.00,104.76,0.00,0.00,0.00,0.00,0.00,0.00,0.00,0.00,0.00,0.00,0.00,0.00,0.00,0.00,0.00,0.00,0.00,0.00,0.00,0.00,0.00
1594627420000,1060.26,1027.54,3242.95,0.00,62.85,0.00,0.00,0.00,0.00,0.00,0.00,0.00,0.00,0.00,0.00,0.00,0.00,0.00,0.00,0.00,0.00,0.00,0.00,0.00,0.00,0.00,0.00,0.00,0.00,0.00,0.00,4.27
1594693763000,776.77,1006.24,2649.58,0.00,0.00,7.71,76.96,0.00,0.00,0.00,3.38,0.00,0.00,0.00,0.00,0.00,0.00,0.00,0.00,0.00,0.00,0.00,0.00,0.00,0.00,0.00,0.00,0.00,0.00,0.00,0.00,0.00
1594761446000,0.00,622.39,3648.17,0.00,27.17,9.44,26.50,0.00,0.00,0.00,2.50,0.00,0.00,0.00,0.00,0.00,0.00,0.00,0.00,0.00,0.00,0.00,0.00,0.00,0.00,0.00,0.00,0.00,0.00,194.11,0.00,0.00
1594828454000,0.00,0.00,906.01,0.00,0.00,0.00,0.00,0.00,0.00,0.00,0.00,0.00,0.00,0.00,0.00,0.00,0.00,0.00,0.00,0.00,0.00,0.00,0.00,0.00,0.00,0.00,0.00,0.00,0.00,0.00,0.00,0.00
1594895340000,191.25,445.05,1355.81,0.00,0.00,0.97,0.00,0.00,0.00,0.00,1.03,0.00,0.00,0.00,0.00,0.00,0.00,0.00,0.00,0.00,0.00,0.00,0.00,0.00,0.00,0.00,0.00,0.00,0.00,0.00,0.00,0.00
1594962832000,504.11,223.67,1098.16,0.00,0.00,0.00,0.00,0.00,0.00,0.00,0.00,0.00,0.00,0.00,0.00,0.00,0.00,0.00,0.00,0.00,0.00,0.00,0.00,0.00,0.00,0.00,0.00,0.00,0.00,0.00,0.00,0.00
1595029497000,0.00,283.45,1636.01,0.00,0.00,0.97,0.00,0.00,0.00,0.00,1.03,0.00,0.00,0.00,0.00,0.00,0.00,0.00,0.00,0.00,0.07,0.00,0.00,0.00,0.00,0.00,0.00,0.00,0.00,0.00,0.00,0.00
1595096280000,0.00,0.00,786.56,0.00,0.00,0.00,0.00,0.00,0.00,0.00,0.00,0.00,0.00,0.00,0.00,0.00,0.00,0.00,0.00,0.00,0.00,0.00,0.00,0.00,0.00,0.00,0.00,0.00,0.00,2.97,0.00,0.00
1595162441000,0.00,0.00,857.21,0.00,0.00,0.00,0.00,0.00,0.00,0.00,0.00,0.00,0.00,5.26,0.00,0.00,0.00,0.00,0.00,0.00,0.00,0.00,0.00,0.00,0.00,0.00,0.00,0.00,0.00,0.00,0.00,0.00
1595229307000,588.51,0.00,917.58,0.00,79.22,0.00,0.00,0.00,0.00,0.00,0.00,0.00,0.00,0.00,0.00,0.00,0.00,0.00,0.00,0.00,0.00,0.00,0.00,0.00,0.00,0.00,0.00,0.00,0.00,1.99,0.00,0.00
1595296768000,0.00,0.00,333.13,0.00,0.00,0.00,0.00,0.00,0.00,0.00,0.00,0.00,0.00,27.93,0.00,0.00,0.00,0.00,0.00,0.00,0.00,0.00,0.00,0.00,0.00,0.00,0.00,0.00,0.00,0.00,0.00,0.00
1595364599000,0.00,0.00,91.66,0.00,0.00,0.00,0.00,0.00,0.00,0.00,0.00,0.00,0.00,0.00,0.00,0.00,0.00,0.00,0.00,0.00,0.00,0.00,0.00,0.00,0.00,0.00,0.00,0.00,0.00,0.00,0.00,0.00
1595431758000,0.00,0.00,892.96,96.81,0.00,12.89,0.00,0.00,0.00,0.00,0.00,0.00,0.00,0.00,0.00,0.00,0.00,0.00,0.00,0.00,0.00,0.00,0.00,0.00,0.00,0.00,0.00,0.00,0.00,0.00,0.00,0.00
1595497857000,0.00,0.00,582.93,0.00,38.04,5.45,5.61,0.00,0.00,0.00,0.00,0.00,0.00,0.00,0.00,0.00,0.00,0.00,0.00,0.00,0.00,0.00,0.00,0.00,0.00,0.00,0.00,0.00,0.00,0.00,0.00,0.00
1595564037000,168.96,0.00,0.00,0.00,0.00,7.65,0.00,0.00,0.00,0.00,0.68,0.00,0.00,23.30,0.00,0.00,0.00,0.00,0.00,0.00,0.00,0.00,0.00,0.00,0.00,0.00,0.00,0.00,0.00,0.00,0.00,0.00
1595630632000,0.00,329.91,435.60,0.00,0.00,13.79,0.00,0.00,0.00,0.00,13.32,0.00,0.00,2.97,0.00,0.00,0.00,0.00,0.00,0.00,0.00,0.00,0.00,0.00,0.00,0.00,0.00,0.00,0.00,0.21,0.00,0.00
1595699030000,0.00,0.00,1249.30,0.00,0.00,0.00,0.00,0.00,0.00,0.00,0.00,0.00,0.00,0.00,0.00,0.00,0.00,0.00,0.00,0.00,0.00,0.00,0.00,0.00,0.00,0.00,0.00,0.00,0.00,0.00,0.00,0.00
1595765196000,0.00,260.57,694.10,0.00,0.00,7.24,0.00,0.00,0.00,0.00,0.00,0.00,0.00,0.00,0.00,0.00,0.00,0.00,0.00,0.00,0.00,0.00,0.00,0.00,0.00,0.00,0.00,0.00,0.00,0.00,0.00,0.00
1595831829000,146.26,0.00,2021.99,0.00,0.00,7.44,177.32,0.00,0.00,0.00,25.03,0.00,0.00,0.00,0.00,0.00,0.00,0.00,0.00,0.00,0.00,0.00,0.00,0.00,0.00,0.00,0.00,0.00,0.00,0.00,0.00,0.00
1595899333000,0.00,0.00,524.36,0.00,0.00,4.79,0.00,0.00,0.00,0.00,4.85,0.00,0.00,0.00,0.00,0.00,0.00,0.00,0.00,0.00,0.00,0.00,0.00,0.00,0.00,0.00,0.00,0.00,0.00,1.08,0.00,0.00
1595965859000,0.00,259.93,333.11,0.00,0.00,8.51,57.63,0.00,0.00,0.00,2.17,0.00,0.00,0.00,0.00,0.00,0.00,0.00,0.00,0.00,0.00,0.00,0.00,0.00,0.00,0.00,0.00,0.00,0.00,5.01,0.00,0.00
1596032209000,0.00,0.00,369.35,0.00,0.00,0.00,0.00,0.00,0.00,0.00,0.00,0.00,0.00,0.00,0.00,0.00,0.00,0.00,0.00,0.00,0.00,0.00,0.00,0.00,0.00,0.00,0.00,0.00,0.00,0.00,0.00,0.00
1596098759000,541.97,0.00,512.89,0.00,0.00,0.00,0.00,0.00,0.00,0.00,0.00,0.00,0.00,0.00,0.00,0.00,0.00,0.00,0.00,0.00,0.00,0.00,0.00,1.00,0.00,0.00,0.00,0.00,0.00,0.00,0.00,0.00
1596167425000,170.63,249.46,497.73,0.00,0.00,0.00,0.00,0.00,0.00,0.00,0.00,0.00,0.00,0.00,0.00,0.00,0.00,0.00,0.00,0.00,0.00,0.00,0.00,0.00,0.00,0.00,0.00,0.00,0.00,49.54,0.00,0.00
1596233291000,239.54,375.26,2116.60,0.00,0.00,21.10,0.00,0.00,0.00,0.00,4.56,0.00,0.00,0.00,0.00,0.00,0.00,0.00,0.00,0.00,0.00,0.00,0.00,0.00,0.00,0.00,0.00,0.00,0.00,0.00,0.00,0.00
1596299712000,532.34,713.24,4498.77,0.00,0.00,18.24,221.63,0.00,0.00,0.00,0.00,0.00,0.00,0.00,0.00,0.00,0.00,0.00,0.00,0.00,0.00,0.00,0.00,0.00,0.00,0.00,0.00,0.00,0.00,2.07,0.00,0.00
1596366064000,0.00,0.00,942.66,0.00,0.00,0.00,0.00,0.00,0.00,0.00,0.00,0.00,0.00,0.00,0.00,0.00,0.00,0.00,0.00,0.00,0.00,0.00,0.00,0.00,0.00,0.00,0.00,0.00,0.00,0.00,0.00,0.00
1596433547000,0.00,0.00,376.53,62.82,0.00,181.18,0.00,0.00,0.00,0.00,0.00,0.00,0.00,51.81,0.00,0.00,0.00,0.00,0.00,0.00,0.00,0.00,106.98,0.00,0.00,0.00,0.00,0.00,0.00,68.02,0.00,0.00
1596499718000,0.00,279.33,756.17,0.00,0.00,11.88,0.00,0.00,0.00,0.00,1.00,0.00,0.00,4.48,0.00,0.00,0.00,0.00,0.00,0.00,0.00,0.00,0.00,0.00,0.00,0.00,0.00,0.00,0.00,0.67,0.00,0.00
1596566768000,0.00,0.00,627.63,0.00,0.00,5.31,0.00,0.00,0.00,0.00,4.07,0.00,0.00,0.00,0.00,0.00,0.00,0.00,0.00,0.00,0.00,0.00,0.00,0.00,0.00,0.00,0.00,0.00,0.00,0.00,0.00,0.00
1596634124000,0.00,0.00,689.50,0.00,0.00,0.00,0.00,0.00,0.00,0.00,0.00,0.00,0.00,0.00,0.00,0.00,0.00,0.00,0.00,0.00,0.00,0.00,0.00,0.00,0.00,0.00,0.00,0.00,0.00,0.00,0.00,0.00
1596701291000,0.00,0.00,1273.05,0.00,0.00,0.00,0.00,0.00,0.00,0.00,0.00,0.00,0.00,0.00,0.00,0.00,0.00,0.00,0.00,0.00,0.00,0.00,0.00,0.00,0.00,0.00,0.00,0.00,0.00,0.00,0.00,0.00
1596767453000,0.00,0.00,692.92,67.04,0.00,0.00,0.00,0.00,0.00,0.00,0.00,0.00,0.00,0.00,0.00,0.00,0.00,0.00,0.00,0.00,0.00,0.00,0.00,0.00,0.00,0.00,0.00,0.00,0.00,0.00,0.00,0.00
1596833944000,493.91,0.00,2099.53,0.00,0.00,33.33,0.00,33.28,0.00,0.00,0.97,0.00,0.00,0.00,0.00,0.00,0.00,0.00,0.00,0.00,0.00,0.00,0.00,0.00,0.00,0.00,0.00,0.00,0.00,0.00,0.00,0.00
1596900342000,0.00,0.00,0.00,0.00,0.00,19.28,0.00,0.00,18.76,0.00,0.00,0.00,0.00,3.30,0.00,0.00,0.00,0.00,0.00,0.00,0.00,0.00,0.00,0.00,0.00,0.00,0.00,0.00,0.00,0.00,0.00,0.00
1596966617000,0.00,0.00,775.34,0.00,0.00,44.23,0.00,0.00,0.00,0.00,0.00,0.00,0.00,85.75,0.00,0.00,0.00,0.00,0.00,0.00,0.00,0.00,0.00,0.00,0.00,0.00,0.00,0.00,0.00,0.00,0.00,0.00
1597033434000,0.00,0.00,842.55,0.00,0.00,32.18,0.00,0.00,0.00,0.00,0.00,0.00,0.00,0.00,0.00,0.00,0.00,0.00,0.00,0.00,0.00,0.00,0.00,0.00,0.00,0.00,0.00,0.00,0.00,0.00,0.00,0.00
1597099710000,0.00,3996.55,1600.59,0.00,0.00,35.40,0.00,0.00,0.00,0.00,0.00,4.72,0.00,2.40,0.00,0.00,0.00,0.00,0.00,0.00,0.00,0.00,0.00,0.00,0.00,0.00,0.00,0.00,0.00,4.73,0.00,0.00
1597167284000,0.00,0.00,604.37,0.00,0.00,0.00,0.00,0.00,0.00,0.00,0.00,0.00,0.00,6.10,0.00,0.00,0.00,0.00,0.00,0.00,0.00,0.00,0.00,0.00,0.00,0.00,0.00,0.00,0.00,12.93,0.00,0.00
1597233615000,0.00,0.00,517.32,0.00,0.00,0.00,0.00,0.00,0.00,0.00,0.00,0.00,0.00,0.00,0.00,0.00,0.00,0.00,0.00,0.00,0.00,0.00,0.00,0.00,0.00,0.00,0.00,0.00,0.00,0.00,0.00,0.00
1597300280000,0.00,0.00,0.00,0.00,0.00,0.47,0.00,0.00,0.00,0.00,0.00,0.00,0.00,0.00,0.00,0.00,0.00,0.00,0.00,0.00,0.00,0.00,0.00,0.00,0.00,0.00,0.00,0.00,0.00,0.00,0.00,0.00
1597366709000,0.00,0.00,1201.52,0.00,0.00,0.00,0.00,0.00,0.00,0.00,0.00,0.00,0.00,0.00,0.00,0.00,0.00,0.00,0.00,0.00,0.00,0.00,0.00,0.00,0.00,0.00,0.00,0.00,0.00,0.00,0.00,0.00
1597432676000,0.00,0.00,917.54,0.00,0.00,0.00,0.00,0.00,0.00,0.00,0.00,0.00,0.00,0.00,0.00,0.00,0.00,0.00,0.00,0.00,0.00,0.00,0.00,0.00,0.00,0.00,0.00,0.00,0.00,0.00,0.00,0.00
1597499410000,0.00,0.00,0.00,0.00,0.00,0.00,4.59,0.00,0.00,0.00,0.00,0.00,0.00,0.00,0.00,0.00,0.00,0.00,0.00,0.00,0.00,0.00,0.00,0.00,0.00,0.00,0.00,0.00,0.00,0.00,0.00,0.00
1597565783000,0.00,0.00,0.00,0.00,0.00,6.10,0.00,0.00,0.00,0.00,0.00,0.00,0.00,0.00,0.00,0.00,0.00,0.00,0.00,0.00,0.00,0.00,0.00,0.00,0.00,0.00,0.00,0.00,0.00,0.00,0.00,0.00
1597632462000,0.00,0.00,0.00,0.00,0.00,47.78,0.00,0.00,47.71,0.00,0.00,0.00,0.00,0.00,0.00,0.00,0.00,0.00,0.00,0.00,0.00,0.00,0.00,0.00,0.00,0.00,0.00,0.00,0.00,0.00,0.00,0.00
1597700058000,317.74,0.00,463.31,0.00,0.00,8.56,0.00,0.00,0.00,0.00,0.00,0.00,0.00,0.00,0.00,0.00,0.00,0.00,0.00,0.00,0.00,0.00,0.00,0.00,0.00,0.00,0.00,0.00,0.00,0.00,0.00,0.00
1597767132000,0.00,0.00,0.00,0.00,0.00,0.00,0.00,0.00,83.15,65.28,0.00,0.00,0.00,0.00,0.00,0.00,0.00,0.00,0.00,0.00,0.00,0.00,0.00,0.00,0.00,0.00,0.00,0.00,0.00,0.00,0.00,0.00
1597832502000,0.00,0.00,995.29,0.00,0.00,3.06,0.00,0.00,0.00,0.00,0.00,0.00,0.00,0.00,0.00,0.00,0.00,0.00,0.00,0.00,0.00,0.00,0.00,0.00,0.00,0.00,0.00,0.00,0.00,0.00,0.00,0.00
1597899041000,0.00,0.00,0.00,0.00,0.00,0.00,0.00,0.00,0.00,0.00,0.00,0.00,0.00,0.00,0.00,0.00,0.00,0.00,0.00,0.00,0.00,0.00,0.00,0.00,0.00,0.00,0.00,0.00,0.00,0.00,0.00,0.00
1597965203000,293.75,0.00,860.83,0.00,76.10,0.00,0.00,0.00,0.00,0.00,0.00,0.00,0.00,0.00,0.00,0.00,0.00,0.00,0.00,0.00,0.00,0.00,0.00,0.00,0.00,0.00,0.00,0.00,0.00,0.00,0.00,0.00
1598031795000,0.00,0.00,0.00,0.00,0.00,1.05,105.48,0.00,0.00,0.00,0.00,0.00,0.00,1.06,15.24,0.00,0.00,0.00,0.00,0.00,0.00,0.00,0.00,0.00,0.00,0.00,0.00,0.00,0.00,0.00,0.00,0.00
1598098856000,0.00,0.00,945.97,0.00,0.00,0.00,0.00,0.00,0.00,0.00,3.79,0.00,0.00,0.00,0.00,0.00,0.00,0.00,0.00,0.00,0.00,0.00,0.00,0.00,0.00,0.00,0.00,0.00,0.00,0.00,0.00,0.00
1598164882000,0.00,0.00,0.00,0.00,0.00,0.00,0.00,0.00,0.00,0.00,0.00,0.00,0.00,0.00,0.00,0.00,0.00,0.00,0.00,0.00,0.00,0.00,0.00,0.00,0.00,0.00,0.00,0.00,0.00,0.00,0.00,0.00
1598230728000,0.00,0.00,0.00,0.00,0.00,0.00,0.00,0.00,0.00,0.00,1.04,0.00,0.00,1.04,0.00,0.00,0.00,0.00,0.00,0.00,0.00,0.00,0.00,0.00,0.00,0.00,0.00,0.00,0.00,0.00,0.00,0.00
1598297775000,0.00,0.00,0.00,0.00,0.00,0.41,0.00,0.00,0.00,0.00,0.41,0.00,0.00,0.00,0.00,0.00,0.00,0.00,0.00,0.00,0.00,0.00,0.00,0.00,0.00,0.00,0.00,0.00,0.00,0.00,0.00,0.00
1598364198000,0.00,0.00,859.60,0.00,0.00,0.00,0.00,0.00,0.00,0.00,0.00,0.00,0.00,0.00,0.00,0.00,0.00,0.00,0.00,0.00,0.00,0.00,0.00,0.00,0.00,0.00,0.00,0.00,0.00,0.00,0.00,0.00
1598430603000,0.00,0.00,0.00,15.38,50.40,0.00,0.00,0.00,0.00,0.00,0.00,0.00,0.00,0.00,0.00,0.00,0.00,0.00,0.00,0.00,0.00,0.00,0.00,0.00,0.00,0.00,0.00,0.00,0.00,0.00,0.00,0.00
1598496587000,0.00,0.00,0.00,0.00,0.00,0.00,0.00,0.00,0.00,0.00,0.00,0.00,0.00,0.00,0.00,0.00,0.00,0.00,0.00,0.00,0.00,0.00,0.00,0.00,0.00,0.00,0.00,0.00,0.00,0.00,0.00,0.00
1598563224000,0.00,0.00,0.00,0.00,0.00,13.37,0.00,0.00,0.00,0.00,0.00,0.00,0.00,0.00,0.00,0.00,0.00,0.00,0.00,0.00,0.00,0.00,0.00,0.00,0.00,0.00,0.00,0.00,0.00,0.00,0.00,0.00
1598628675000,0.00,0.00,0.00,0.00,0.00,7.59,0.00,0.00,0.00,0.00,0.00,0.00,0.00,0.00,0.00,0.00,0.00,0.00,0.00,0.00,0.00,0.00,0.00,0.00,0.00,0.00,0.00,0.00,0.00,0.00,0.00,0.00
1598695493000,332.65,0.00,643.05,0.00,182.41,0.38,0.00,0.00,0.00,0.00,36.78,0.00,0.00,0.99,0.00,0.00,0.00,0.00,0.00,0.00,0.00,0.00,0.00,0.00,0.00,0.00,0.00,0.00,0.00,0.00,0.00,0.00
1598760959000,0.00,0.00,1181.86,0.00,0.00,0.00,92.43,0.00,0.00,0.00,0.00,0.00,0.00,0.00,0.00,0.00,0.00,0.00,0.00,0.00,0.00,0.00,0.00,0.00,0.00,0.00,0.00,0.00,0.00,0.00,0.00,0.00
1598827346000,284.03,0.00,797.34,400.61,0.00,0.00,0.00,0.00,0.00,0.00,0.00,0.00,0.00,0.00,0.00,0.00,0.00,0.00,0.00,0.00,0.00,0.00,0.00,0.00,0.00,0.00,0.00,0.00,0.00,0.00,0.00,0.00
1598894175000,1381.54,0.00,731.45,0.00,0.00,0.00,0.00,0.00,0.00,0.00,0.00,0.00,0.00,0.00,0.00,0.00,0.00,0.00,0.00,0.00,0.00,0.00,0.00,0.00,0.00,0.00,0.00,0.00,0.00,0.00,0.00,0.00
1598959582000,0.00,0.00,0.00,0.00,0.00,0.00,0.00,0.00,0.00,0.00,0.00,0.00,0.00,0.00,0.00,0.00,0.00,0.00,0.00,0.00,0.00,0.00,0.00,0.00,0.00,0.00,0.00,0.00,0.00,0.00,0.00,0.00
1599025762000,698.45,0.00,0.00,0.00,0.00,0.00,0.00,0.00,0.00,0.00,0.00,0.00,0.00,0.00,0.00,0.00,0.00,0.00,0.00,0.00,0.00,0.00,0.00,0.00,0.00,0.00,0.00,0.00,0.00,0.00,0.00,0.00
1599091876000,0.00,0.00,0.00,0.00,0.00,0.22,0.00,0.00,0.00,0.00,0.00,0.00,0.00,0.00,0.00,0.00,0.00,0.00,0.00,0.00,0.00,0.00,0.00,0.00,0.00,0.00,0.00,0.00,0.00,0.00,0.00,0.00
1599158675000,0.00,0.00,0.00,0.00,0.00,51.00,0.00,0.00,0.00,0.00,0.00,0.00,0.00,0.00,0.00,0.00,0.00,0.00,0.00,0.00,0.00,0.00,0.00,0.00,0.00,0.00,0.00,0.00,0.00,0.00,0.00,0.00
1599224299000,0.00,0.00,0.00,0.00,0.00,3.24,0.00,0.00,0.00,0.00,3.24,0.00,0.00,0.00,0.00,0.00,0.00,0.00,0.00,0.00,0.00,0.00,0.00,0.00,0.00,0.00,0.00,0.00,0.00,0.00,0.00,0.00
1599290487000,0.00,0.00,0.00,0.00,0.00,0.00,0.00,0.00,0.00,0.00,0.00,0.00,0.00,0.00,0.00,0.00,0.00,0.00,0.00,0.00,0.00,0.00,0.00,0.00,0.00,0.00,0.00,0.00,0.00,0.00,0.00,0.00
1599356160000,462.04,0.00,707.91,0.00,0.00,0.00,0.00,0.00,0.00,0.00,134.86,0.00,0.00,0.00,0.00,0.00,0.00,0.00,0.00,0.00,0.00,0.00,0.00,0.00,0.00,0.00,0.00,0.00,0.00,0.00,0.00,0.00
1599421629000,207.33,0.00,1065.30,0.00,0.00,0.00,0.00,0.00,0.00,0.00,19.11,0.00,0.00,0.00,0.00,0.00,0.00,0.00,0.00,0.00,0.00,0.00,0.00,0.00,0.00,0.00,0.00,0.00,0.00,0.00,0.00,0.00
1599487753000,0.00,161.50,0.00,0.00,0.00,0.00,0.00,0.00,0.00,0.00,0.00,0.00,0.00,0.00,0.00,0.00,0.00,0.00,0.00,0.00,0.00,0.00,0.00,0.00,0.00,0.00,0.00,0.00,0.00,0.00,0.00,0.00
1599554599000,0.00,0.00,0.00,0.00,0.00,0.00,0.00,0.00,0.00,0.00,0.00,0.00,0.00,0.00,0.00,0.00,0.00,0.00,0.00,0.00,0.00,0.00,0.00,0.00,0.00,0.00,0.00,0.00,0.00,0.00,0.00,0.00
1599620764000,0.00,0.00,110.64,0.00,0.00,4.56,0.00,0.00,0.00,0.00,0.00,0.00,0.00,0.00,0.00,0.00,0.00,0.00,0.00,0.00,0.00,0.00,0.00,0.00,0.00,0.00,0.00,0.00,0.00,0.00,0.00,0.00
1599687111000,0.00,0.00,306.47,0.00,0.00,2.69,0.00,0.00,0.00,0.00,6.35,0.00,0.00,2.68,0.00,0.00,0.00,0.00,0.00,0.00,0.00,0.00,0.00,0.00,0.00,0.00,0.00,0.00,0.00,0.00,0.00,0.00
1599754060000,0.00,0.00,0.00,0.00,0.00,0.00,0.00,0.00,0.00,0.00,57.00,0.00,0.00,0.00,0.00,0.00,0.00,0.00,0.00,0.00,0.00,0.00,0.00,0.00,0.00,0.00,0.00,0.00,0.00,0.00,0.00,0.00
1599820027000,0.00,0.00,0.00,0.00,0.00,17.19,0.00,0.00,0.00,0.00,0.00,0.00,0.00,0.00,0.00,0.00,0.00,0.00,0.00,0.00,0.00,0.00,0.00,0.00,0.00,0.00,0.00,0.00,0.00,0.00,0.00,0.00
1599885795000,0.00,0.00,0.00,0.00,0.00,0.00,0.00,0.00,0.00,0.00,0.00,0.00,0.00,0.00,0.00,0.00,0.00,0.00,0.00,0.00,0.00,0.00,0.00,0.00,0.00,0.00,0.00,0.00,0.00,0.00,0.00,0.00
1599952172000,0.00,0.00,0.00,0.00,0.00,0.00,0.00,0.00,0.00,0.00,0.00,0.00,0.00,0.00,0.00,0.00,0.00,0.00,0.00,0.00,0.00,0.00,0.00,0.00,0.00,0.00,0.00,0.00,0.00,0.00,0.00,0.00
1600018238000,0.00,0.00,0.00,0.00,0.00,0.00,0.00,0.00,0.00,0.00,5.07,0.00,0.00,1.14,0.00,0.00,0.00,0.00,0.00,0.00,0.00,0.00,0.00,0.00,0.00,0.00,0.00,0.00,0.00,0.00,0.00,0.00
1600085050000,0.00,0.00,0.00,0.00,0.00,0.00,0.00,0.00,0.00,0.00,0.00,0.00,0.00,0.00,0.00,0.00,0.00,0.00,0.00,0.00,0.00,0.00,0.00,0.00,0.00,0.00,0.00,0.00,0.00,0.00,0.00,0.00
1600151476000,0.00,0.00,0.00,0.00,0.00,0.66,0.00,0.00,0.00,0.00,0.86,0.00,0.00,0.86,0.00,0.00,0.00,0.66,0.00,0.00,0.00,0.00,0.00,0.00,0.00,0.00,0.00,0.00,0.00,0.00,0.00,0.00
1600217129000,0.00,0.00,0.00,0.00,0.00,0.00,0.00,0.00,0.00,0.00,0.00,0.00,0.00,0.00,0.00,0.00,0.00,0.00,0.00,0.00,0.00,0.00,0.00,0.00,0.00,0.00,0.00,0.00,0.00,0.00,0.00,0.00
1600284355000,0.00,0.00,0.00,0.00,0.00,0.00,0.00,0.00,0.00,0.00,8.19,0.00,0.00,0.00,0.00,0.00,0.00,0.00,0.00,0.00,0.00,0.00,0.00,0.00,0.00,0.00,0.00,0.00,0.00,0.00,0.00,0.00
1600349788000,0.00,0.00,761.72,0.00,0.00,0.00,0.00,0.00,0.00,0.00,4.61,0.00,0.00,0.00,0.00,0.00,0.00,0.00,0.00,0.00,0.00,0.00,0.00,0.00,0.00,0.00,0.00,0.00,0.00,0.00,0.00,0.00
1600416922000,0.00,0.00,0.00,0.00,0.00,0.00,0.00,0.00,0.00,0.00,0.00,0.00,0.00,0.00,0.00,0.00,0.00,0.00,0.00,0.00,0.00,0.00,0.00,0.00,0.00,0.00,0.00,0.00,0.00,0.00,0.00,0.00
1600483205000,0.00,0.00,0.00,0.00,0.00,0.00,0.00,0.00,0.00,0.00,0.00,0.00,0.00,0.00,0.00,0.00,0.00,0.00,0.00,0.00,0.00,0.00,0.00,0.00,0.00,0.00,0.00,0.00,0.00,0.00,0.00,0.00
1600549386000,0.00,0.00,0.00,0.00,0.00,0.00,0.00,0.00,0.00,0.00,0.00,0.00,0.00,0.00,0.00,0.00,0.00,0.00,0.00,0.00,0.00,0.00,0.00,0.00,0.00,0.00,0.00,0.00,0.00,0.00,0.00,0.00
1600615026000,0.00,0.00,0.00,0.00,0.00,0.82,0.00,0.00,54.07,0.00,0.00,0.00,0.00,0.41,0.00,0.00,0.00,0.00,0.00,0.00,0.00,0.00,0.00,0.00,0.00,0.00,0.00,0.00,0.00,0.00,0.00,0.00
1600681491000,0.00,0.00,0.00,0.00,0.00,0.00,0.00,0.00,0.00,0.00,0.00,0.00,0.00,0.00,0.00,0.00,0.00,0.00,0.00,0.00,0.00,0.00,0.00,0.00,0.00,0.00,0.00,0.00,0.00,0.00,0.00,0.00
1600747077000,0.00,0.00,0.00,0.00,0.00,1.23,0.00,0.00,0.00,0.00,0.00,0.00,0.00,0.00,0.00,0.00,0.00,0.00,0.00,0.00,0.00,0.00,0.00,0.00,0.00,0.00,0.00,0.00,0.00,0.00,0.00,0.00
1600814154000,0.00,0.00,0.00,0.00,0.00,0.00,0.00,0.00,0.00,0.00,51.12,0.00,0.00,0.00,0.00,0.00,0.00,0.00,0.00,0.00,0.00,0.00,0.00,0.00,0.00,0.00,0.00,0.00,0.00,0.00,0.00,0.00
1600879119000,0.00,0.00,0.00,0.00,0.00,0.00,0.00,0.00,0.00,0.00,13.36,0.00,0.00,0.00,0.00,0.00,0.00,0.00,0.00,0.00,0.00,0.00,0.00,0.00,0.00,0.00,0.00,0.00,0.00,0.00,0.00,0.00
1600946499000,0.00,0.00,271.70,0.00,0.00,0.08,0.00,0.00,0.00,60.75,0.00,0.00,0.00,0.00,0.00,0.00,0.00,0.00,0.00,0.00,0.00,0.00,0.00,0.00,0.00,0.00,0.00,0.00,0.00,0.00,0.00,0.00
1601012640000,0.00,0.00,0.00,0.00,0.00,0.73,0.00,0.00,0.00,0.00,0.33,0.00,0.00,0.41,0.00,0.00,0.00,0.00,0.00,0.00,0.00,0.00,0.00,0.00,0.00,0.00,0.00,0.00,0.00,0.00,0.00,0.00
1601079968000,214.45,0.00,0.00,0.00,0.00,0.00,0.00,0.00,0.00,0.00,27.54,0.00,0.00,0.00,0.00,0.00,0.00,0.00,0.00,0.00,0.00,0.00,0.00,0.00,0.00,0.00,0.00,0.00,0.00,0.00,0.00,0.00
1601147251000,0.00,0.00,215.40,0.00,0.00,4.84,0.00,0.00,0.00,0.00,24.38,0.00,0.00,0.00,0.00,0.00,0.00,0.00,0.00,0.00,0.00,0.00,0.00,0.00,0.00,0.00,0.00,0.00,0.00,0.00,0.00,0.00
1601214896000,0.00,0.00,0.00,0.00,0.00,1.59,0.00,0.00,0.00,0.00,26.43,0.00,0.00,0.00,0.00,0.00,0.00,0.00,0.00,0.00,0.00,0.00,0.00,0.00,0.00,0.00,0.00,0.00,0.00,0.00,0.00,0.00
1601282611000,0.00,0.00,287.62,0.00,0.00,33.32,0.00,0.00,0.00,0.00,40.39,0.00,0.00,0.00,0.00,0.00,0.00,0.00,0.00,0.00,0.00,0.00,0.00,0.00,0.00,0.00,0.00,0.00,0.00,0.00,0.00,0.00
1601350362000,0.00,0.00,0.00,0.00,0.00,1.69,0.00,0.00,0.00,0.00,1.89,0.00,0.00,0.00,0.00,0.00,0.00,0.00,0.00,0.00,0.00,0.00,0.00,0.00,0.00,0.00,0.00,0.00,0.00,0.00,0.00,0.00
1601417945000,0.00,0.00,0.00,0.00,0.00,0.00,0.00,0.00,0.00,0.00,0.00,0.00,0.00,0.00,0.00,0.00,0.00,0.00,0.00,0.00,0.00,0.00,0.00,0.00,0.00,0.00,0.00,0.00,0.00,0.00,0.00,0.00
1601485853000,0.00,0.00,0.00,0.00,0.00,2.01,0.00,0.00,0.00,0.00,0.00,0.00,0.00,0.00,0.00,0.00,0.00,0.00,0.00,0.00,0.00,0.00,0.00,0.00,0.00,0.00,0.00,0.00,0.00,0.00,0.00,0.00
1601553015000,0.00,0.00,0.00,0.00,0.00,0.00,0.00,0.00,0.00,0.00,6.28,0.00,0.00,0.00,0.00,0.00,0.00,0.00,0.00,0.00,0.00,0.00,0.00,0.00,0.00,0.00,0.00,0.00,0.00,0.00,0.00,0.00
1601619829000,0.00,0.00,0.00,0.00,0.00,5.77,0.00,0.00,0.00,0.00,10.37,0.00,0.00,0.00,0.00,0.00,0.00,0.00,0.00,0.00,0.00,0.00,0.00,0.00,0.00,0.00,0.00,0.00,0.00,0.00,0.00,0.00
1601687922000,0.00,0.00,250.03,0.00,0.00,12.28,0.00,0.00,0.00,0.00,0.00,0.00,0.00,0.00,0.00,0.00,0.00,0.00,0.00,0.00,0.00,0.00,0.00,0.00,0.00,0.00,0.00,0.00,0.00,0.00,0.00,0.00
1601755801000,0.00,0.00,155.06,0.00,0.00,0.00,0.00,0.00,0.00,0.00,0.00,0.00,0.00,0.00,0.00,0.00,0.00,0.00,0.00,0.00,0.00,0.00,0.00,0.00,0.00,0.00,0.00,0.00,0.00,0.00,0.00,0.00
1601822552000,0.00,0.00,0.00,0.00,0.00,0.00,0.00,0.00,0.00,0.00,0.00,0.00,0.00,0.00,0.00,0.00,0.00,0.00,0.00,0.00,0.00,0.00,0.00,0.00,0.00,0.00,0.00,0.00,0.00,0.00,0.00,0.00
1601891080000,150.92,0.00,248.84,0.00,0.00,0.15,54.01,0.00,0.00,0.00,0.14,0.00,0.00,0.00,0.00,0.00,0.00,0.00,0.00,0.00,0.00,0.00,0.00,0.00,0.00,0.00,0.00,0.00,0.00,0.00,0.00,0.00
1601957824000,0.00,0.00,0.00,0.00,0.00,0.00,0.00,0.00,0.00,0.00,0.00,0.00,0.00,0.00,0.00,0.00,0.00,0.00,0.00,0.00,0.00,0.00,0.00,0.00,0.00,0.00,0.00,0.00,0.00,0.00,0.00,0.00
1602024907000,0.00,0.00,223.19,0.00,0.00,8.04,0.00,0.00,0.00,0.00,0.00,0.00,0.00,0.00,0.00,0.00,0.00,0.00,0.00,0.00,0.00,0.00,0.00,0.00,0.00,0.00,0.00,0.00,0.00,0.00,0.00,0.00
1602092545000,0.00,0.00,188.78,0.00,0.00,0.00,0.00,0.00,53.43,0.00,0.00,0.00,0.00,0.00,0.00,0.00,0.00,0.00,0.00,0.00,0.00,0.00,0.00,0.00,0.00,0.00,0.00,0.00,0.00,0.00,0.00,0.00
1602161532000,0.00,0.00,172.05,0.00,0.00,3.97,0.00,0.00,0.00,0.00,0.00,0.00,0.00,0.00,0.00,0.00,0.00,0.00,0.00,0.00,0.00,0.00,0.00,0.00,0.00,0.00,0.00,0.00,0.00,0.00,0.00,0.00
1602229790000,0.00,0.00,0.00,0.00,0.00,1.84,4.85,0.00,0.00,0.00,1.84,0.00,0.00,0.00,0.00,0.00,0.00,0.00,0.00,0.00,0.00,0.00,0.00,0.00,0.00,0.00,0.00,0.00,0.00,0.00,0.00,0.00
1602297027000,0.00,0.00,184.28,0.00,0.00,0.00,0.00,0.00,0.00,0.00,0.00,0.00,0.00,0.00,0.00,0.00,0.00,0.00,0.00,0.00,0.00,0.00,0.00,0.00,0.00,0.00,0.00,0.00,0.00,0.00,0.00,0.00
1602363606000,0.00,0.00,0.00,0.00,0.00,0.00,0.00,0.00,0.00,0.00,0.00,0.00,0.00,0.00,0.00,0.00,0.00,0.00,0.00,0.00,0.00,0.00,0.00,0.00,0.00,0.00,0.00,0.00,0.00,0.00,0.00,0.00
1602429913000,145.14,0.00,0.00,0.00,0.00,9.71,0.00,0.00,0.00,0.00,0.00,0.00,0.00,0.00,0.00,0.00,0.00,0.00,0.00,0.00,0.00,0.00,0.00,0.00,0.00,0.00,0.00,0.00,0.00,0.00,0.00,0.00
1602495424000,0.00,0.00,0.00,0.00,0.00,0.00,0.00,0.00,0.00,0.00,1.03,0.00,0.00,1.03,0.00,0.00,0.00,0.00,0.00,0.00,0.00,0.00,0.00,0.00,0.00,0.00,0.00,0.00,0.00,0.00,0.00,0.00
1602561978000,0.00,0.00,162.70,0.00,0.00,0.00,0.00,0.00,0.00,0.00,0.14,0.00,0.00,0.00,7.86,0.00,0.00,0.00,0.00,0.00,0.00,0.00,0.00,0.00,0.00,0.00,0.00,0.00,0.00,0.00,0.00,0.00
1602627937000,0.00,0.00,0.00,0.00,0.00,2.25,0.00,0.00,0.00,0.00,0.00,0.00,0.00,0.00,0.00,0.00,0.00,0.00,0.00,0.00,0.00,0.00,0.00,0.00,0.00,0.00,0.00,0.00,0.00,0.00,0.00,0.00
1602694261000,0.00,0.00,0.00,0.00,0.00,1.89,0.00,0.00,0.00,0.00,0.00,0.00,0.00,0.00,0.00,0.00,0.00,0.00,0.00,0.00,0.00,0.00,0.00,0.00,0.00,0.00,0.00,0.00,0.00,0.00,0.00,0.00
1602760147000,0.00,0.00,120.78,0.00,0.00,0.38,0.00,0.00,0.00,0.00,0.38,0.00,0.00,0.00,0.00,0.00,0.00,0.00,0.00,0.00,0.00,0.00,0.00,0.00,0.00,0.00,0.00,0.00,0.00,0.00,0.00,0.00
1602825913000,0.00,0.00,0.00,0.00,0.00,0.00,0.00,0.00,0.00,0.00,0.00,0.00,0.00,0.00,0.00,0.00,0.00,0.00,0.00,0.00,0.00,0.00,0.00,0.00,0.00,0.00,0.00,0.00,0.00,0.00,0.00,0.00
1602892022000,0.00,0.00,147.91,0.00,0.00,0.00,0.00,0.00,0.00,0.00,0.00,0.00,0.00,0.00,0.00,0.00,0.00,0.00,0.00,0.00,0.00,0.00,0.00,0.00,0.00,0.00,0.00,0.00,0.00,0.00,0.00,0.00
1602958258000,0.00,0.00,179.13,0.00,0.00,0.00,0.00,0.00,0.00,0.00,10.96,0.00,0.00,0.00,0.00,0.00,0.00,0.00,0.00,0.00,0.00,0.00,0.00,0.00,0.00,0.00,0.00,0.00,0.00,0.00,0.00,0.00
1603025653000,0.00,0.00,0.00,0.00,0.00,0.00,0.00,0.00,0.00,0.00,0.00,0.00,0.00,0.00,0.00,0.00,0.00,0.00,0.00,0.00,0.00,0.00,0.00,0.00,0.00,0.00,0.00,0.00,0.00,0.00,0.00,0.00
1603091367000,0.00,0.00,82.20,0.00,0.00,0.00,0.00,0.00,0.00,0.00,0.00,0.00,0.00,0.00,0.00,0.00,0.00,0.00,0.00,0.00,0.00,0.00,0.00,0.00,0.00,0.00,0.00,0.00,0.00,0.00,0.00,0.00
1603157253000,0.00,0.00,193.76,0.00,0.00,0.00,0.00,0.00,0.00,0.00,0.00,0.00,0.00,0.00,0.00,0.00,0.00,0.00,0.00,0.00,0.00,0.00,0.00,0.00,0.00,0.00,0.00,0.00,0.00,0.00,0.00,0.00
1603223269000,0.00,0.00,0.00,0.00,0.00,0.00,0.00,0.00,0.00,0.00,0.00,0.00,0.00,0.00,0.00,0.00,0.00,0.00,0.00,0.00,0.00,0.00,0.00,0.00,0.00,0.00,0.00,0.00,0.00,0.00,0.00,0.00
1603289620000,190.54,0.00,0.00,0.00,0.00,29.51,0.00,0.00,0.00,0.00,0.00,0.00,0.00,0.00,0.00,0.00,0.00,0.00,0.00,0.00,0.00,0.00,0.00,0.00,0.00,0.00,0.00,0.00,0.00,0.00,0.00,0.00
1603356256000,0.00,0.00,0.00,0.00,0.00,0.00,0.00,0.00,0.00,0.00,4.33,0.00,0.00,0.00,0.00,0.00,0.00,0.00,0.00,0.00,0.00,0.00,0.00,0.00,0.00,0.00,0.00,0.00,0.00,0.00,0.00,0.00
1603422122000,0.00,0.00,385.06,0.00,0.00,133.23,0.00,0.00,0.00,0.00,0.00,0.00,0.00,0.00,0.00,0.00,0.00,0.00,0.00,0.00,0.00,0.00,0.00,0.00,0.00,0.00,0.00,0.00,0.00,0.00,0.00,0.00
1603488794000,0.00,0.00,0.00,0.00,0.00,0.00,0.00,0.00,0.00,0.00,0.00,0.00,0.00,0.00,0.00,0.00,0.00,0.00,0.00,0.00,0.00,0.00,0.00,0.00,0.00,0.00,0.00,0.00,0.00,0.00,0.00,0.00
1603554785000,0.00,0.00,0.00,0.00,0.00,36.92,0.00,0.00,0.00,0.00,0.00,0.00,0.00,0.00,0.00,0.00,0.00,0.00,0.00,0.00,0.00,0.00,0.00,0.00,0.00,0.00,0.00,0.00,0.00,0.00,0.00,0.00
1603621272000,0.00,0.00,0.00,0.00,0.00,101.46,28.01,0.00,0.00,0.00,36.09,0.00,0.00,0.00,0.00,0.00,0.00,0.00,0.00,0.00,0.00,0.00,0.00,0.00,0.00,0.00,0.00,0.00,0.00,0.00,0.00,0.00
1603687807000,0.00,0.00,0.00,0.00,0.00,24.10,0.00,0.00,0.00,0.00,0.00,0.00,0.00,0.00,0.00,0.00,0.00,0.00,0.00,0.00,0.00,0.00,0.00,0.00,0.00,0.00,0.00,0.00,0.00,0.00,0.00,0.00
1603754471000,0.00,0.00,274.04,0.00,0.00,0.00,0.00,0.00,0.00,0.00,0.00,0.00,0.00,0.00,0.00,0.00,0.00,0.00,0.00,0.00,0.00,0.00,0.00,0.00,0.00,0.00,0.00,0.00,0.00,0.00,0.00,0.00
1603820015000,170.02,0.00,208.79,0.00,0.00,14.10,0.00,0.00,0.00,0.00,15.56,0.00,0.00,0.00,0.00,0.00,0.00,0.00,0.00,0.00,0.00,0.00,0.00,0.00,0.00,0.00,0.00,0.00,0.00,0.00,0.00,0.00
1603886641000,124.69,0.00,0.00,0.00,0.00,16.21,0.00,0.00,0.00,0.00,0.00,0.00,0.00,34.35,0.00,0.00,0.00,0.00,0.00,0.00,0.00,0.00,0.00,0.00,0.00,0.00,0.00,0.00,0.00,0.00,0.00,0.00
1603952469000,340.10,0.00,421.84,0.00,0.00,0.00,0.00,0.00,0.00,0.00,0.00,0.00,0.00,0.00,0.00,0.00,0.00,0.00,0.00,0.00,0.00,0.00,0.00,0.00,0.00,0.00,0.00,0.00,0.00,0.00,0.00,0.00
1604018693000,0.00,0.00,172.50,0.00,0.00,0.00,0.00,0.00,0.00,0.00,0.00,0.00,0.00,0.00,0.00,0.00,0.00,0.00,0.00,0.00,0.00,0.00,0.00,0.00,0.00,0.00,0.00,0.00,0.00,0.00,0.00,0.00
1604085381000,0.00,0.00,430.46,0.00,0.00,0.00,0.00,0.00,0.00,0.00,0.00,0.00,0.00,0.01,0.00,0.00,0.00,0.00,0.00,0.00,0.00,0.00,0.00,0.00,0.00,0.00,0.00,0.00,0.00,0.00,0.00,0.00
1604151986000,0.00,0.00,0.00,0.00,19.20,21.73,0.00,0.00,0.00,0.00,0.00,0.00,0.00,0.00,0.00,0.00,0.00,0.00,0.00,0.00,0.00,0.00,0.00,0.00,0.00,0.00,0.00,0.00,0.00,0.00,0.00,0.00
1604218490000,0.00,0.00,0.00,0.00,0.00,0.00,0.00,0.00,0.00,0.00,0.00,0.00,0.00,0.00,0.00,0.00,0.00,0.00,0.00,0.00,0.00,0.00,0.00,0.00,0.00,0.00,0.00,0.00,0.00,0.00,0.00,0.00
1604284735000,0.00,0.00,0.00,0.00,0.00,0.50,0.00,0.00,0.00,0.00,0.00,0.00,0.00,0.00,0.00,0.00,0.00,0.00,0.00,0.00,0.00,0.00,0.00,0.00,0.00,0.00,0.00,0.00,0.00,0.00,0.00,0.00
1604351268000,0.00,0.00,136.56,0.00,0.00,0.00,0.00,0.00,0.00,0.00,0.00,0.00,0.00,0.00,0.00,0.00,0.00,0.00,0.00,0.00,0.00,0.00,0.00,0.00,0.00,0.00,0.00,0.00,0.00,0.00,0.00,0.00
1604417434000,0.00,0.00,0.00,0.00,0.00,0.00,0.00,0.00,0.00,0.00,0.00,0.00,0.00,0.00,0.00,0.00,0.00,0.00,0.00,0.00,0.00,0.00,0.00,0.00,0.00,0.00,0.00,0.00,0.00,0.00,0.00,0.00
1604483789000,0.00,0.00,121.65,0.00,0.00,0.92,0.00,0.00,0.00,0.00,0.00,0.00,0.00,2.70,0.00,0.00,0.00,0.00,0.00,0.00,0.00,0.00,0.00,0.00,0.00,0.00,0.00,0.00,0.00,0.00,0.00,0.00
1604549893000,0.00,0.00,0.00,0.00,0.00,0.55,0.00,0.00,0.00,0.00,0.00,16.60,0.00,0.00,0.00,0.00,0.00,0.00,0.00,0.00,0.00,0.00,0.00,0.00,0.00,0.00,0.00,0.00,0.00,0.00,0.00,0.00
1604616056000,137.18,0.00,148.58,0.00,0.00,8.17,0.00,0.00,0.00,0.00,0.00,0.00,0.00,0.00,0.00,0.00,0.00,0.00,0.00,0.00,0.00,0.00,0.00,0.00,0.00,0.00,0.00,0.00,0.00,0.00,0.00,0.00
1604681732000,0.00,0.00,0.00,0.00,0.00,0.00,0.00,0.00,0.00,0.00,0.00,0.00,0.00,0.00,0.00,0.00,0.00,0.00,0.00,0.00,0.00,0.00,0.00,0.00,0.00,0.00,0.00,0.00,0.00,0.00,0.00,0.00
1604747690000,119.65,0.00,122.62,0.00,0.00,0.00,0.00,0.00,0.00,0.00,0.00,0.00,0.00,0.00,0.00,0.00,0.00,0.00,0.00,0.00,0.00,0.00,0.00,0.00,0.00,0.00,0.00,0.00,0.00,0.00,0.00,0.00
1604814913000,0.00,0.00,115.98,0.00,0.00,0.00,0.00,0.00,0.00,0.00,0.00,0.00,0.00,0.00,0.00,0.00,0.00,0.00,0.00,0.00,0.00,0.00,0.00,0.00,0.00,0.00,0.00,0.00,0.00,0.00,0.00,0.00
1604880900000,0.00,0.00,0.00,0.00,0.00,0.00,0.00,0.00,0.00,0.00,0.00,0.00,0.00,0.00,0.00,0.00,0.00,0.00,0.00,0.00,0.00,0.00,0.00,0.00,0.00,0.00,0.00,0.00,0.00,0.00,0.00,0.00
1604947268000,0.00,0.00,0.00,0.00,0.00,0.00,0.00,0.00,0.00,0.00,0.00,0.00,0.00,0.00,0.00,0.00,0.00,0.00,0.00,0.00,0.00,0.00,0.00,0.00,0.00,0.00,0.00,0.00,0.00,0.00,0.00,0.00
1605013747000,0.00,0.00,0.00,0.00,0.00,0.89,0.00,0.00,0.00,31.87,0.00,0.00,0.00,0.00,0.00,0.00,0.00,0.00,0.00,0.00,0.00,0.00,0.00,0.00,0.00,0.00,0.00,0.00,0.00,0.00,0.00,0.00
1605080341000,0.00,0.00,0.00,0.00,0.00,0.00,0.00,0.00,0.00,0.00,0.00,0.00,0.00,0.00,0.00,0.00,0.00,0.00,0.00,0.00,0.00,0.00,0.00,0.00,0.00,0.00,0.00,0.00,0.00,0.00,0.00,0.00
1605146710000,0.00,0.00,0.00,0.00,0.00,0.00,0.00,0.00,0.00,0.00,0.00,0.00,0.00,0.00,0.00,0.00,0.00,0.00,0.00,0.00,0.00,0.00,0.00,0.00,0.00,0.00,0.00,0.00,0.00,0.00,0.00,0.00
1605213135000,0.00,0.00,102.42,0.00,0.00,1.56,0.00,0.00,0.00,0.00,0.00,0.00,0.00,0.00,0.00,0.00,0.00,0.00,0.00,0.00,0.00,0.00,0.00,0.00,0.00,0.00,0.00,0.00,0.00,0.00,0.00,0.00
1605279277000,0.00,0.00,0.00,0.00,0.00,0.73,0.00,0.00,0.00,24.23,4.82,0.00,0.00,0.00,0.00,0.00,0.00,0.00,0.00,0.00,0.00,0.00,0.00,0.00,0.00,0.00,0.00,0.00,0.00,0.00,0.00,0.00
1605345655000,0.00,0.00,0.00,0.00,0.00,0.00,0.00,0.00,0.00,0.00,0.00,0.00,0.00,0.00,0.00,0.00,0.00,0.00,0.00,0.00,0.00,0.00,0.00,0.00,0.00,0.00,0.00,0.00,0.00,0.00,0.00,0.00
1605411298000,0.00,0.00,94.45,0.00,0.00,0.00,0.00,0.00,0.00,0.00,0.00,0.00,0.00,0.00,0.00,0.00,0.00,0.00,0.00,0.00,0.00,0.00,0.00,0.00,0.00,0.00,0.00,0.00,0.00,0.00,0.00,0.00
1605476908000,0.00,0.00,0.00,0.00,0.00,0.00,0.00,0.00,0.00,0.00,0.00,0.00,0.00,0.00,0.00,0.00,0.00,0.00,0.00,0.00,0.00,0.00,0.00,0.00,0.00,0.00,0.00,0.00,0.00,0.00,0.00,0.00
1605544694000,0.00,0.00,0.00,0.00,0.00,0.00,0.00,0.00,0.00,0.00,0.00,0.00,0.00,0.00,0.00,0.00,0.00,0.00,0.00,0.00,0.00,0.00,0.00,0.00,0.00,0.00,0.00,0.00,0.00,0.00,0.00,0.00
1605610382000,0.00,0.00,178.62,0.00,0.00,36.73,0.00,0.00,0.00,0.00,0.00,0.00,0.00,37.70,0.00,0.00,0.00,0.00,0.00,0.00,0.00,0.00,0.00,0.00,0.00,0.00,0.00,0.00,0.00,0.00,0.00,0.00
1605676699000,127.67,0.00,445.63,0.00,0.00,0.00,42.18,0.00,0.00,0.00,0.00,0.00,0.00,0.00,0.00,0.00,0.00,0.00,0.00,0.00,0.00,0.00,0.00,0.00,0.00,0.00,0.00,0.00,0.00,0.00,0.00,0.00
1605743864000,133.11,0.00,0.00,0.00,0.00,3.99,0.00,0.00,0.00,0.00,0.00,0.00,0.00,0.00,0.00,0.00,0.00,0.00,0.00,0.00,0.00,0.00,0.00,0.00,0.00,0.00,0.00,0.00,0.00,0.00,0.00,0.00
1605809099000,61.56,0.00,237.66,0.00,0.00,0.00,0.00,0.00,0.00,0.00,0.00,0.00,0.00,0.00,0.00,0.00,0.00,0.00,0.00,0.00,0.00,0.00,0.00,0.00,0.00,0.00,0.00,0.00,0.00,0.00,0.00,0.00
1605875487000,0.00,0.00,131.64,0.00,0.00,0.00,0.00,0.00,0.00,0.00,0.00,0.00,0.00,0.00,0.00,0.00,0.00,0.00,0.00,0.00,0.00,0.00,0.00,0.00,0.00,0.00,0.00,0.00,0.00,0.00,0.00,0.00
1605942238000,120.40,0.00,0.00,0.00,0.00,0.00,0.00,0.00,0.00,0.00,0.00,0.00,0.00,0.00,0.00,0.00,0.00,0.00,0.00,0.00,0.00,0.00,0.00,0.00,0.00,0.00,0.00,0.00,0.00,0.00,0.00,0.00
1606007787000,263.92,0.00,722.43,0.00,0.00,0.00,0.00,0.00,0.00,0.00,0.00,0.00,0.00,0.00,0.00,0.00,0.00,0.00,0.00,0.00,0.00,0.00,0.00,0.00,0.00,0.00,0.00,0.00,0.00,0.00,0.00,0.00
1606074120000,0.00,0.00,0.00,0.00,20.72,9.43,0.00,0.00,0.00,0.00,0.00,0.00,0.00,0.00,0.00,0.00,0.00,0.00,0.00,0.00,0.00,0.00,0.00,0.00,0.00,0.00,0.00,0.00,0.00,0.00,0.00,0.00
1606141623000,0.00,0.00,557.14,0.00,0.00,0.00,0.00,0.00,0.00,0.00,0.00,0.00,0.00,0.00,0.00,0.00,0.00,0.00,0.00,0.00,0.00,0.00,0.00,0.00,0.00,0.00,0.00,0.00,0.00,0.00,0.00,0.00
1606207277000,203.53,0.00,0.00,0.00,0.00,40.82,0.00,0.00,0.00,0.00,0.00,0.00,0.00,0.00,0.00,0.00,0.00,0.00,0.00,0.00,0.00,0.00,0.00,0.00,0.00,0.00,0.00,0.00,0.00,0.00,0.00,0.00
1606273189000,0.00,0.00,49.69,0.00,0.00,0.00,63.61,0.00,0.00,0.00,0.00,0.00,0.00,0.00,0.00,0.00,0.00,0.00,0.00,0.00,0.00,0.00,0.00,0.00,0.00,0.00,0.00,0.00,0.00,0.00,0.00,0.00
1606340281000,0.00,0.00,0.00,0.00,0.00,3.69,0.00,0.00,0.00,0.00,0.00,0.00,0.00,0.00,0.00,0.00,0.00,0.00,0.00,0.00,0.00,0.00,0.00,0.00,0.00,0.00,0.00,0.00,0.00,0.00,0.00,0.00
1606406736000,0.00,0.00,186.26,0.00,0.00,0.00,0.00,0.00,0.00,0.00,0.00,0.00,0.00,0.00,0.00,0.00,0.00,0.00,0.00,0.00,0.00,0.00,0.00,0.00,0.00,0.00,0.00,0.00,0.00,0.00,0.00,0.00
1606472123000,0.00,0.00,0.00,0.00,0.00,0.00,0.00,0.00,0.00,0.00,0.00,0.00,0.00,0.00,0.00,0.00,0.00,0.00,0.00,0.00,0.00,0.00,0.00,0.00,0.00,0.00,0.00,0.00,0.00,0.00,0.00,0.00
1606539681000,0.00,0.00,0.00,0.00,29.11,95.50,0.00,26.13,0.00,0.00,0.00,0.00,0.00,0.00,0.00,0.00,0.00,0.00,0.00,0.00,0.00,0.00,0.00,0.00,0.00,0.00,0.00,0.00,0.00,0.00,0.00,0.00
1606605239000,118.79,0.00,0.00,0.00,75.08,0.00,0.00,0.00,0.00,0.00,0.00,0.00,0.00,0.00,0.00,0.00,0.00,0.00,0.00,0.00,0.00,0.00,0.00,0.00,0.00,0.00,0.00,0.00,0.00,0.00,0.00,0.00
1606671255000,106.03,0.00,0.00,0.00,0.00,0.00,0.00,0.00,0.00,0.00,0.00,0.00,0.00,0.00,0.00,0.00,0.00,0.00,0.00,0.00,0.00,0.00,0.00,0.00,0.00,0.00,0.00,0.00,0.00,0.00,0.00,0.00
1606737324000,0.00,0.00,0.00,0.00,0.00,0.00,0.00,0.00,0.00,0.00,0.00,0.00,0.00,0.00,0.00,0.00,0.00,0.00,0.00,0.00,0.00,0.00,0.00,0.00,0.00,0.00,0.00,0.00,0.00,0.00,0.00,0.00
1606803733000,0.00,0.00,0.00,0.00,0.00,10.43,0.00,0.00,0.00,0.00,0.00,0.00,0.00,0.00,0.00,0.00,0.00,0.00,0.00,0.00,0.00,0.00,0.00,0.00,0.00,0.00,0.00,0.00,0.00,0.00,0.00,0.00
1606870199000,0.00,0.00,0.00,0.00,0.00,0.00,0.00,0.00,0.00,0.00,0.00,0.00,0.00,0.00,0.00,0.00,0.00,0.00,0.00,0.00,0.00,0.00,0.00,0.00,0.00,0.00,0.00,0.00,0.00,0.00,0.00,0.00
1606937227000,0.00,0.00,0.00,0.00,0.00,0.00,0.00,0.00,0.00,0.00,0.00,0.00,0.00,0.00,0.00,0.00,0.00,0.00,0.00,0.00,0.00,0.00,0.00,0.00,0.00,0.00,0.00,0.00,0.00,0.00,0.00,0.00
1607003331000,0.00,0.00,0.00,0.00,0.00,0.00,0.00,0.00,0.00,0.00,0.00,0.00,0.00,0.00,0.00,0.00,0.00,0.00,0.00,0.00,0.00,0.00,0.00,0.00,0.00,0.00,0.00,0.00,0.00,0.00,0.00,0.00
1607069818000,0.00,0.00,0.00,0.00,0.00,0.00,0.00,0.00,0.00,0.00,0.00,0.00,0.00,0.00,0.00,0.00,0.00,0.00,0.00,0.00,0.00,0.00,0.00,0.00,0.00,0.00,0.00,0.00,0.00,0.00,0.00,0.00
1607136369000,0.00,0.00,0.00,0.00,50.13,5.82,0.00,0.00,0.00,0.00,0.00,0.00,0.00,0.00,0.00,0.00,0.00,0.00,0.00,0.00,0.00,0.00,0.00,0.00,0.00,0.00,0.00,0.00,0.00,0.00,0.00,0.00
1607202512000,0.00,0.00,0.00,0.00,0.00,0.00,0.00,0.00,0.00,0.00,0.00,0.00,0.00,0.00,0.00,0.00,0.00,0.00,0.00,0.00,0.00,0.00,0.00,0.00,0.00,0.00,0.00,0.00,0.00,0.00,0.00,0.00
1607268400000,0.00,0.00,131.29,0.00,0.00,0.00,0.00,0.00,0.00,0.00,0.00,0.00,0.00,0.00,0.00,0.00,0.00,0.00,0.00,0.00,0.00,0.00,0.00,0.00,0.00,0.00,0.00,0.00,0.00,0.00,0.00,0.00
1607335232000,0.00,0.00,0.00,0.00,0.00,0.00,0.00,0.00,0.00,0.00,0.00,0.00,0.00,0.00,0.00,0.00,0.00,0.00,0.00,0.00,0.00,0.00,0.00,0.00,0.00,0.00,0.00,0.00,0.00,0.00,0.00,0.00
1607401916000,0.00,0.00,0.00,0.00,0.00,0.00,0.00,0.00,0.00,0.00,0.00,0.00,0.00,0.00,0.00,0.00,0.00,0.00,0.00,0.00,0.00,0.00,0.00,0.00,0.00,0.00,0.00,0.00,0.00,0.00,0.00,0.00
1607468345000,0.00,0.00,0.00,0.00,0.00,0.00,0.00,0.00,0.00,0.00,0.00,0.00,0.00,0.00,0.00,0.00,0.00,0.00,0.00,0.00,0.00,0.00,0.00,0.00,0.00,0.00,0.00,0.00,0.00,0.00,0.00,0.00
1607534444000,0.00,0.00,0.00,0.00,0.00,0.00,0.00,0.00,0.00,0.00,0.00,0.00,0.00,0.00,0.00,0.00,0.00,0.00,0.00,0.00,0.00,0.00,0.00,0.00,0.00,0.00,0.00,0.00,0.00,0.00,0.00,0.00
1607600832000,0.00,0.00,0.00,0.00,0.00,0.00,0.00,0.00,0.00,0.00,0.00,0.00,0.00,0.00,0.00,0.00,0.00,0.00,0.00,0.00,0.00,0.00,0.00,0.00,0.00,0.00,0.00,0.00,0.00,0.00,0.00,0.00
1607667802000,160.57,0.00,0.00,0.00,421.22,263.67,0.00,0.00,38.53,0.00,0.00,0.00,0.00,0.00,0.00,0.00,0.00,0.00,0.00,0.00,0.00,0.00,0.00,0.00,0.00,0.00,0.00,0.00,0.00,0.00,0.00,0.00
1607734609000,0.00,0.00,0.00,0.00,0.00,0.00,0.00,0.00,0.00,0.00,0.00,0.00,0.00,0.00,0.00,0.00,0.00,0.00,0.00,0.00,0.00,0.00,0.00,0.00,0.00,0.00,0.00,0.00,0.00,0.00,0.00,0.00
1607800816000,0.00,0.00,138.01,0.00,0.00,5.12,0.00,0.00,0.00,0.00,1.07,0.00,0.00,0.00,0.00,0.00,0.00,0.00,0.00,0.00,0.00,0.00,0.00,0.00,0.00,0.00,0.00,0.00,0.00,0.00,0.00,0.00
1607866773000,162.40,0.00,318.35,0.00,0.00,0.00,0.00,0.00,0.00,0.00,0.00,0.00,0.00,0.00,0.00,0.00,0.00,0.00,0.00,0.00,0.00,0.00,0.00,0.00,0.00,0.00,0.00,0.00,0.00,0.00,0.00,0.00
1607934199000,0.00,0.00,162.19,0.00,0.00,31.33,0.00,0.00,0.00,0.00,0.00,0.00,0.00,0.00,0.00,0.00,0.00,0.00,0.00,0.00,0.00,0.00,0.00,0.00,0.00,0.00,0.00,0.00,0.00,0.00,0.00,0.00
1608000502000,152.44,0.00,0.00,0.00,0.00,0.00,0.00,0.00,0.00,0.00,0.00,0.00,0.00,0.00,0.00,0.00,0.00,0.00,0.00,0.00,0.00,0.00,0.00,0.00,0.00,0.00,0.00,0.00,0.00,0.00,0.00,0.00
1608066249000,0.00,0.00,187.08,0.00,0.00,0.00,0.00,0.00,0.00,0.00,0.00,0.00,0.00,0.00,0.00,0.00,0.00,0.00,0.00,0.00,0.00,0.00,0.00,0.00,0.00,0.00,0.00,0.00,0.00,0.00,0.00,10.09
1608133286000,541.52,0.00,159.57,0.00,0.00,1.31,0.00,0.00,0.00,0.00,0.00,0.00,0.00,0.00,0.00,0.00,0.00,0.00,0.00,0.00,0.00,0.00,0.00,0.00,0.00,0.00,0.00,0.00,0.00,0.00,0.00,0.00
1608199972000,0.00,0.00,243.97,0.00,0.00,0.00,0.00,0.00,0.00,0.00,0.00,0.00,0.00,0.00,0.00,0.00,0.00,0.00,0.00,0.00,0.00,0.00,0.00,0.00,0.00,0.00,0.00,0.00,0.00,0.00,0.00,0.00
1608265705000,206.29,0.00,0.00,0.00,0.00,0.00,0.00,0.00,0.00,0.00,0.00,0.00,0.00,0.00,0.00,0.00,0.00,0.00,0.00,0.00,0.00,0.00,0.00,0.00,0.00,0.00,0.00,0.00,0.00,0.00,0.00,0.00
1608332047000,0.00,0.00,0.00,0.00,86.75,0.00,0.00,0.00,0.00,0.00,0.00,0.00,0.00,0.00,0.00,0.00,0.00,0.00,0.00,0.00,0.00,0.00,0.00,0.00,0.00,0.00,0.00,0.00,0.00,0.00,0.00,0.00
1608398201000,174.01,0.00,0.00,0.00,0.00,0.00,0.00,0.00,0.00,0.00,0.00,0.00,0.00,0.00,0.00,0.00,0.00,0.00,0.00,0.00,0.00,0.00,0.00,0.00,0.00,0.00,0.00,0.00,0.00,0.00,0.00,0.00
1608464280000,0.00,0.00,179.85,0.00,0.00,1.28,0.00,0.00,0.00,0.00,0.00,0.00,0.00,0.00,0.00,0.00,0.00,0.00,0.00,0.00,0.00,0.00,0.00,0.00,0.00,0.00,0.00,0.00,0.00,0.00,0.00,0.00
1608531263000,196.18,0.00,0.00,0.00,0.00,0.00,0.00,0.00,0.00,0.00,0.00,0.00,0.00,0.00,0.00,0.00,0.00,0.00,0.00,0.00,0.00,0.00,0.00,0.00,0.00,0.00,0.00,0.00,0.00,0.00,0.00,0.00
1608596869000,0.00,0.00,0.00,0.00,0.00,0.00,0.00,0.00,0.00,0.00,0.00,0.00,0.00,0.00,0.00,0.00,0.00,0.00,0.00,0.00,0.00,0.00,0.00,0.00,0.00,0.00,0.00,0.00,0.00,0.00,0.00,0.00
1608663126000,0.00,0.00,752.68,0.00,0.00,1.10,0.00,0.00,0.00,0.00,0.00,0.00,0.00,0.00,0.00,0.00,0.00,0.00,0.00,0.00,0.00,0.00,0.00,0.00,0.00,0.00,0.00,0.00,0.00,0.00,0.00,0.00
1608728710000,238.97,0.00,0.00,0.00,0.00,0.00,0.00,0.00,0.00,0.00,0.00,0.00,0.00,0.00,0.00,0.00,0.00,0.00,0.00,0.00,0.00,0.00,0.00,0.00,0.00,0.00,0.00,0.00,0.00,0.00,0.00,0.00
1608795613000,0.00,0.00,0.00,0.00,0.00,0.00,0.00,0.00,0.00,0.00,0.00,0.00,0.00,0.00,0.00,0.00,0.00,0.00,0.00,0.00,0.00,0.00,0.00,0.00,0.00,0.00,0.00,0.00,0.00,0.00,0.00,0.00
1608861888000,0.00,0.00,0.00,0.00,0.00,0.00,0.00,0.00,0.00,0.00,0.00,0.00,0.00,0.00,0.00,0.00,0.00,0.00,0.00,0.00,0.00,0.00,0.00,0.00,0.00,0.00,0.00,0.00,0.00,0.00,0.00,0.00
1608928354000,0.00,0.00,0.00,0.00,0.00,0.00,0.00,0.00,0.00,0.00,0.00,0.00,0.00,0.00,0.00,0.00,0.00,0.00,0.00,0.00,0.00,0.00,0.00,0.00,0.00,0.00,0.00,0.00,0.00,0.00,0.00,0.00
1608994571000,0.00,0.00,472.69,0.00,0.00,0.00,0.00,0.00,0.00,0.00,0.00,0.00,0.00,0.00,0.00,0.00,0.00,0.00,0.00,0.00,0.00,0.00,0.00,0.00,0.00,0.00,0.00,0.00,0.00,0.00,0.00,0.00
1609061252000,0.00,0.00,295.95,0.00,0.00,0.00,0.00,0.00,0.00,0.00,0.00,0.00,0.00,0.00,0.00,0.00,0.00,0.00,0.00,0.00,0.00,0.00,0.00,0.00,0.00,0.00,0.00,0.00,0.00,0.00,0.00,0.00
1609127071000,248.48,0.00,0.00,0.00,0.00,0.00,0.00,0.00,0.00,0.00,0.00,0.00,0.00,0.00,0.00,0.00,0.00,0.00,0.00,0.00,0.00,0.00,0.00,0.00,0.00,0.00,0.00,0.00,0.00,0.00,0.00,0.00
1609192203000,0.00,0.00,0.00,0.00,0.00,72.71,0.00,0.00,0.00,0.00,0.00,0.00,0.00,4.46,0.00,0.00,0.00,0.00,0.00,0.00,0.00,0.00,0.00,0.00,0.00,0.00,0.00,0.00,0.00,0.00,0.00,0.00
1609259210000,0.00,0.00,0.00,0.00,0.00,0.00,0.00,0.00,0.00,0.00,0.00,0.00,0.00,0.00,0.00,0.00,0.00,0.00,0.00,0.00,0.00,0.00,0.00,0.00,0.00,0.00,0.00,0.00,0.00,0.00,0.00,0.00
1609326297000,306.78,0.00,330.17,0.00,0.00,0.00,0.00,0.00,0.00,0.00,0.00,0.00,0.00,0.00,0.00,0.00,0.00,0.00,0.00,0.00,0.00,0.00,0.00,0.00,0.00,0.00,0.00,0.00,0.00,0.00,0.00,0.00
1609392500000,0.00,0.00,0.00,0.00,0.00,0.00,0.00,0.00,0.00,0.00,0.00,0.00,0.00,0.00,0.00,0.00,0.00,0.00,0.00,0.00,0.00,0.00,0.00,0.00,0.00,0.00,0.00,0.00,0.00,0.00,0.00,0.00
1609459028000,0.00,0.00,307.13,0.00,0.00,171.50,0.00,72.50,0.00,0.00,0.00,0.00,0.00,0.00,0.00,0.00,0.00,0.00,0.00,0.00,0.00,0.00,0.00,0.00,0.00,0.00,0.00,0.00,0.00,0.00,0.00,0.00
1609524661000,0.00,0.00,0.00,0.00,0.00,0.00,0.00,0.00,0.00,0.00,0.00,0.00,0.00,0.00,0.00,0.00,0.00,0.00,0.00,0.00,0.00,0.00,0.00,0.00,0.00,0.00,0.00,0.00,0.00,0.00,0.00,0.00
1609590653000,0.00,0.00,284.05,0.00,0.00,20.57,0.00,0.00,0.00,0.00,20.54,0.00,0.00,0.00,0.00,0.00,0.00,0.00,0.00,0.00,0.00,0.00,0.00,0.00,0.00,0.00,0.00,0.00,0.00,0.00,0.00,0.00
1609657355000,0.00,0.00,0.00,0.00,0.00,0.00,0.00,0.00,0.00,0.00,10.19,0.00,0.00,0.00,0.00,0.00,0.00,0.00,0.00,0.00,0.00,0.00,0.00,0.00,0.00,0.00,0.00,0.00,0.00,0.00,0.00,0.00
1609723433000,0.00,0.00,304.37,0.00,0.00,0.00,0.00,0.00,0.00,0.00,0.00,0.00,0.00,0.00,0.00,0.00,0.00,0.00,0.00,0.00,0.00,0.00,0.00,0.00,0.00,0.00,0.00,0.00,0.00,0.00,0.00,0.00
1609790045000,0.00,0.00,0.00,0.00,0.00,0.00,0.00,0.00,0.00,0.00,0.00,0.00,0.00,0.00,0.00,0.00,0.00,0.00,0.00,0.00,0.00,0.00,0.00,0.00,0.00,0.00,0.00,0.00,0.00,0.00,0.00,0.00
1609856035000,0.00,0.00,0.00,0.00,0.00,0.00,0.00,0.00,0.00,0.00,0.00,0.00,0.00,0.00,0.00,0.00,0.00,0.00,0.00,0.00,0.00,0.00,0.00,0.00,0.00,0.00,0.00,0.00,0.00,0.00,0.00,0.00
1609922671000,0.00,0.00,363.25,0.00,0.00,1.37,0.00,0.00,0.00,0.00,0.00,0.00,1.37,0.00,0.00,0.00,0.00,0.00,0.00,0.00,0.00,0.00,0.00,0.00,0.00,0.00,0.00,0.00,0.00,0.00,0.00,0.00
1609988515000,0.00,0.00,0.00,0.00,0.00,0.00,0.00,0.00,0.00,0.00,0.00,0.00,0.00,0.00,0.00,0.00,0.00,0.00,0.00,0.00,0.00,0.00,0.00,0.00,0.00,0.00,0.00,0.00,0.00,0.00,0.00,0.00
1610055465000,0.00,0.00,0.00,0.00,0.00,0.00,0.00,0.00,0.00,0.00,0.00,0.00,0.00,0.00,0.00,0.00,0.00,0.00,0.00,0.00,0.00,0.00,0.00,0.00,0.00,0.00,0.00,0.00,0.00,0.00,0.00,0.00
1610120989000,516.13,0.00,0.00,0.00,0.00,0.00,0.00,0.00,0.00,76.19,0.00,0.00,0.00,0.00,0.00,0.00,0.00,0.00,0.00,0.00,0.00,0.00,0.00,0.00,0.00,0.00,0.00,0.00,0.00,0.00,0.00,0.00
1610187578000,0.00,0.00,350.85,0.00,0.00,0.00,0.00,0.00,0.00,0.00,0.00,0.00,0.00,0.00,0.00,0.00,0.00,0.00,0.00,0.00,0.00,0.00,0.00,0.00,0.00,0.00,0.00,0.00,0.00,0.00,0.00,0.00
1610254244000,0.00,0.00,0.00,0.00,0.00,103.61,0.00,0.00,0.00,0.00,13.77,0.00,0.00,0.00,0.00,0.00,0.00,0.00,0.00,0.00,0.00,0.00,0.00,0.00,0.00,0.00,0.00,0.00,0.00,0.00,0.00,0.00
1610320182000,373.60,0.00,0.00,0.00,0.00,0.00,0.00,0.00,0.00,0.00,0.00,0.00,0.00,0.00,0.00,0.00,0.00,0.00,0.00,0.00,0.00,0.00,0.00,0.00,0.00,0.00,0.00,0.00,0.00,0.00,0.00,0.00
1610386357000,0.00,0.00,0.00,0.00,0.00,0.00,0.00,0.00,0.00,0.00,0.00,0.00,0.00,0.00,0.00,0.00,0.00,0.00,0.00,0.00,0.00,0.00,0.00,0.00,0.00,0.00,0.00,0.00,0.00,0.00,0.00,0.00
1610453076000,0.00,0.00,0.00,0.00,0.00,0.00,0.00,0.00,0.00,0.00,0.00,0.00,0.00,0.00,0.00,0.00,0.00,0.00,0.00,0.00,0.00,0.00,0.00,0.00,0.00,0.00,0.00,0.00,0.00,0.00,0.00,0.00
1610518999000,336.83,0.00,0.00,0.00,0.00,0.00,0.00,0.00,0.00,0.00,0.00,0.00,0.00,0.00,0.00,0.00,0.00,0.00,0.00,0.00,0.00,0.00,0.00,0.00,0.00,0.00,0.00,0.00,0.00,0.00,0.00,0.00
1610583904000,0.00,0.00,0.00,0.00,0.00,69.38,0.00,0.00,0.00,0.00,0.00,0.00,0.00,2.76,0.00,0.00,0.00,0.00,0.00,0.00,0.00,0.00,0.00,0.00,0.00,0.00,0.00,0.00,0.00,0.00,0.00,0.00
1610651093000,0.00,0.00,0.00,0.00,0.00,0.00,0.00,0.00,0.00,0.00,0.00,0.00,0.00,0.00,0.00,0.00,0.00,0.00,0.00,0.00,0.00,0.00,0.00,0.00,0.00,0.00,0.00,0.00,0.00,0.00,0.00,0.00
1610717878000,0.00,0.00,0.00,0.00,0.00,0.00,0.00,0.00,0.00,0.00,0.00,0.00,0.00,0.00,0.00,0.00,0.00,0.00,0.00,0.00,0.00,0.00,0.00,0.00,0.00,0.00,0.00,0.00,0.00,0.00,0.00,0.00
1610783014000,0.00,0.00,0.00,0.00,0.00,0.00,0.00,0.00,0.00,0.00,0.00,0.00,0.00,0.00,0.00,0.00,0.00,0.00,0.00,0.00,0.00,0.00,0.00,0.00,0.00,0.00,0.00,0.00,0.00,0.00,0.00,0.00
1610850269000,0.00,0.00,0.00,0.00,0.00,0.00,0.00,0.00,0.00,0.00,0.00,0.00,0.00,0.00,0.00,0.00,0.00,0.00,0.00,0.00,0.00,0.00,0.00,0.00,0.00,0.00,0.00,0.00,0.00,0.00,0.00,0.00
1610916881000,0.00,0.00,116.18,0.00,0.00,68.83,0.00,0.00,0.00,0.00,0.00,0.00,0.00,0.00,0.00,0.00,0.00,0.00,0.00,0.00,0.00,0.00,0.00,0.00,0.00,0.00,0.00,0.00,0.00,0.00,0.00,0.00
1610983314000,0.00,0.00,0.00,0.00,0.00,0.00,0.00,0.00,0.00,0.00,0.00,0.00,0.00,0.00,0.00,0.00,0.00,0.00,0.00,0.00,0.00,0.00,0.00,0.00,0.00,0.00,0.00,0.00,0.00,0.00,0.00,0.00
1611049523000,0.00,0.00,0.00,0.00,0.00,0.00,0.00,0.00,0.00,0.00,0.00,0.00,0.00,0.00,0.00,0.00,0.00,0.00,0.00,0.00,0.00,0.00,0.00,0.00,0.00,0.00,0.00,0.00,0.00,0.00,0.00,0.00
1611115705000,344.32,0.00,0.00,0.00,0.00,0.00,0.00,0.00,0.00,0.00,0.00,33.93,0.00,0.00,0.00,0.00,0.00,0.00,0.00,0.00,0.00,0.00,0.00,0.00,0.00,0.00,0.00,0.00,0.00,0.00,0.00,0.00
1611180369000,0.00,0.00,0.00,0.00,0.00,0.00,0.00,0.00,0.00,0.00,0.00,0.00,0.00,0.00,0.00,0.00,0.00,0.00,0.00,0.00,0.00,0.00,0.00,0.00,0.00,0.00,0.00,0.00,0.00,0.00,0.00,0.00
1611247827000,0.00,0.00,0.00,0.00,0.00,0.00,0.00,0.00,0.00,0.00,0.00,0.00,0.00,0.00,0.00,0.00,0.00,0.00,0.00,0.00,0.00,0.00,0.00,0.00,0.00,0.00,0.00,0.00,0.00,0.00,0.00,0.00
1611314582000,0.00,0.00,0.00,0.00,0.00,0.00,0.00,0.00,0.00,0.00,0.00,0.00,0.00,0.00,0.00,0.00,0.00,0.00,0.00,0.00,0.00,0.00,0.00,0.00,0.00,0.00,0.00,0.00,0.00,0.36,0.00,0.00
1611380556000,0.00,0.00,0.00,0.00,0.00,0.00,0.00,0.00,0.00,0.00,0.00,0.00,0.00,0.00,0.00,0.00,0.00,0.00,0.00,0.00,0.00,0.00,0.00,0.00,0.00,0.00,0.00,0.00,0.00,0.07,0.00,0.00
1611446663000,0.00,0.00,0.00,0.00,0.00,0.00,0.00,0.00,0.00,0.00,0.00,0.00,0.00,0.00,0.00,0.00,0.00,0.00,0.00,0.00,0.00,0.00,0.00,0.00,0.00,0.00,0.00,0.00,0.00,0.00,0.00,0.00
1611513320000,0.00,0.00,0.00,0.00,0.00,0.00,0.00,0.00,0.00,0.00,0.00,0.00,0.00,0.00,0.00,0.00,0.00,0.00,0.00,0.00,0.00,0.00,0.00,0.00,0.00,0.00,0.00,0.00,0.00,0.00,0.00,0.00
1611579635000,0.00,0.00,0.00,0.00,0.00,0.00,0.00,0.00,0.00,0.00,0.00,0.00,0.00,0.00,0.00,0.00,0.00,0.00,0.00,0.00,0.00,0.00,0.00,0.00,0.00,0.00,0.00,0.00,0.00,0.00,0.00,0.00
1611646440000,0.00,0.00,0.00,0.00,0.00,0.00,0.00,0.00,0.00,0.00,0.00,0.00,0.00,0.00,0.00,0.00,0.00,0.00,0.00,0.00,0.00,0.00,0.00,0.00,0.00,0.00,0.00,0.00,0.00,0.00,0.00,0.00
1611712634000,0.00,0.00,0.00,0.00,0.00,0.00,0.00,0.00,0.00,0.00,0.00,0.00,0.00,0.00,0.00,0.00,0.00,0.00,0.00,0.00,0.00,0.00,0.00,0.00,0.00,0.00,0.00,0.00,0.00,0.00,0.00,0.00
1611779234000,0.00,0.00,0.00,0.00,0.00,0.00,0.00,0.00,0.00,0.00,0.00,0.00,0.00,0.00,0.00,0.00,0.00,0.00,0.00,0.00,0.00,0.00,0.00,0.00,0.00,0.00,0.00,0.00,0.00,0.00,0.00,0.00
1611846506000,0.00,0.00,0.00,0.00,0.00,0.00,0.00,0.00,0.00,0.00,0.00,0.00,0.00,0.00,0.00,0.00,0.00,0.00,0.00,0.00,0.00,0.00,0.00,0.00,0.00,0.00,0.00,0.00,0.00,0.00,0.00,0.00
1611912659000,0.00,0.00,0.00,0.00,0.00,0.00,0.00,0.00,0.00,0.00,0.00,0.00,0.00,0.00,0.00,0.00,0.00,0.00,0.00,0.00,0.00,0.00,0.00,0.00,0.00,0.00,0.00,0.00,0.00,0.00,0.00,0.00
1611978951000,0.00,0.00,0.00,0.00,0.00,0.00,0.00,0.00,0.00,0.00,0.00,0.00,0.00,0.00,0.00,0.00,0.00,0.00,0.00,0.00,0.00,0.00,0.00,0.00,0.00,0.00,0.00,0.00,0.00,0.00,0.00,0.00
1612046708000,0.00,0.00,0.00,0.00,0.00,0.00,0.00,0.00,0.00,0.00,6.80,0.00,0.00,0.00,0.00,0.00,0.00,0.00,0.00,0.00,0.00,0.00,0.00,0.00,0.00,0.00,0.00,0.00,0.00,0.00,0.00,0.00
1612112314000,0.00,0.00,0.00,0.00,0.00,0.00,0.00,0.00,0.00,0.00,0.00,0.00,0.00,0.00,0.00,0.00,0.00,0.00,0.00,0.00,0.00,0.00,0.00,0.00,0.00,0.00,0.00,0.00,0.00,0.00,0.00,0.00
1612178425000,0.00,0.00,0.00,0.00,0.00,0.00,0.00,0.00,0.00,0.00,0.00,0.00,0.00,0.00,0.00,0.00,0.00,0.00,0.00,0.00,0.00,0.00,0.00,0.00,0.00,0.00,0.00,0.00,0.00,0.00,0.00,0.00
1612244439000,0.00,0.00,0.00,0.00,0.00,0.00,0.00,0.00,0.00,0.00,0.00,0.00,0.00,0.00,0.00,0.00,0.00,0.00,0.00,0.00,0.00,0.00,0.00,0.00,0.00,0.00,0.00,0.00,0.00,0.00,0.00,0.00
1612311576000,0.00,0.00,0.00,0.00,0.00,2.23,0.00,0.00,0.00,0.00,0.00,0.00,0.00,0.00,0.00,0.00,0.00,0.00,0.00,0.00,0.00,0.00,0.00,0.00,0.00,0.00,0.00,0.00,0.00,0.00,0.00,0.00
